category,object,strict,vertices,weight_g,workbook_volume_cm3,in_workbook,max_height_mm,p98_height_mm,p90_height_mm,p50_height_mm,surface_p90_mm,surface_p50_mm,footprint_cm2,extent_x_mm,extent_y_mm,volume_cm3,watertight,base_facet_area_mm2,seat_tilt_deg,raw_z_extent_mm,classes
Almond(bowl),almond_1,True,676557,187.0,341.29,True,48.52,45.92,42.77,33.55,45.44,38.83,186.88,151.83,151.73,340.77,False,5382.34,1.37,49.35,
Almond(bowl),almond_3,True,498921,264.0,484.24,True,68.97,65.05,61.17,53.43,65.0,58.51,128.52,125.52,125.66,484.24,False,1968.76,0.83,69.16,
Almond(bowl),almond_4,True,1613623,121.0,218.56,True,45.32,43.18,29.72,12.51,43.59,20.57,185.28,150.62,151.98,218.55,False,14646.96,0.78,45.64,
Almond(bowl),new_almond_bowl_1,True,622577,228.0,577.95,True,42.79,38.78,25.99,12.28,41.9,35.49,202.56,158.31,157.98,357.25,False,9343.99,1.4,42.61,
Almond(bowl),new_almond_bowl_2,True,452696,176.0,403.62,True,63.67,61.42,58.35,51.77,60.7,55.8,89.4,103.7,104.44,350.8,False,4140.38,3.1,62.19,
Almond(bowl),new_almond_bowl_3,True,367236,244.0,444.24,True,70.58,64.97,60.76,48.26,63.01,53.06,127.32,124.92,124.65,415.01,False,3930.55,8.69,67.24,
Almond(bowl),new_almond_bowl_4,True,1424900,218.0,340.77,True,53.06,48.35,45.1,40.29,47.53,43.28,189.32,150.85,155.43,340.77,False,4204.23,0.84,53.75,
Almonds,almond_1,True,24016,3.0,3.4,True,10.66,9.01,7.26,3.66,10.03,8.33,7.68,67.28,39.38,3.4,False,494.63,11.45,18.63,
Almonds,almond_2,True,17020,1.0,0.88,True,8.27,8.08,7.28,3.64,8.12,6.45,2.56,17.86,16.87,0.88,False,3.71,16.18,6.89,
Almonds,almond_3,True,16722,1.0,0.89,True,9.13,8.37,6.88,2.98,8.87,7.49,2.24,10.17,20.51,0.89,False,2.35,7.52,8.92,
Almonds,almond_5,True,16309,1.0,0.77,True,5.58,5.45,4.99,3.02,5.42,4.6,2.92,12.65,21.62,0.77,False,13.56,13.88,6.0,
Almonds,new_almonds_1,True,106831,13.0,8.88,True,8.3,7.46,6.35,4.27,7.36,6.16,32.76,59.71,109.67,10.38,False,974.61,0.84,8.65,
Almonds,new_almonds_2,True,45412,2.0,1.72,True,7.87,7.51,6.58,3.78,7.52,6.36,5.16,12.07,51.75,1.72,False,22.86,1.18,7.78,
Almonds,new_almonds_3,True,18416,4.0,3.69,True,16.79,15.46,13.29,6.03,16.46,14.05,4.32,28.06,17.16,3.69,False,9.96,6.62,16.36,
Almonds,new_almonds_4,True,55745,3.0,2.02,True,6.23,5.99,5.38,2.9,6.03,5.03,6.48,25.6,40.01,2.02,False,102.34,19.63,10.04,
Apple,apple_1,True,562337,190.0,243.52,True,70.01,68.4,64.3,27.71,68.38,61.37,52.56,79.64,79.25,243.52,False,264.34,8.69,70.36,apple
Apple,apple_2,True,143367,195.0,234.01,True,78.09,73.78,68.0,38.69,73.46,66.44,47.16,76.82,73.37,234.01,False,222.03,1.12,78.46,apple
Apple,apple_3,True,392189,205.0,240.84,True,75.51,73.24,67.27,32.29,72.45,60.62,50.24,75.71,78.9,240.88,False,550.04,13.2,75.68,apple
Apple,apple_4,True,682912,234.0,280.55,True,78.39,76.4,70.35,36.28,76.13,67.06,53.44,78.83,79.54,280.55,False,439.37,13.04,79.33,apple
Apple,apple_5,True,548874,176.0,198.51,True,72.07,70.58,66.43,34.57,70.5,61.77,41.24,71.19,69.48,198.51,False,247.17,10.6,73.72,apple
Apple,apple_6,True,1394771,222.0,261.42,True,80.25,77.58,71.06,35.87,76.93,67.6,49.88,78.43,77.05,259.6,False,232.61,19.07,79.51,apple
Apple,apple_7,True,947133,186.0,221.73,True,82.13,77.99,71.29,40.45,77.55,69.07,42.6,68.3,74.38,221.73,False,206.56,4.12,81.77,apple
Applesauce,new_applesauce_1,True,278261,124.0,112.07,True,43.54,41.45,33.25,3.06,43.22,38.82,45.76,73.71,74.38,112.07,False,2078.75,3.33,45.51,
Applesauce,new_applesauce_2,True,312518,340.0,362.8,True,57.84,54.1,39.59,13.24,56.98,48.38,128.52,125.67,125.76,362.8,False,10327.31,1.67,59.16,
Applesauce,new_applesauce_3,True,993153,94.0,100.82,True,37.78,35.17,29.36,13.74,33.18,20.5,87.44,85.53,130.38,100.83,False,1302.15,4.76,39.6,
Applesauce,new_applesauce_4,True,452902,119.0,102.16,True,42.09,41.24,33.17,6.22,41.69,39.66,46.8,75.13,74.81,102.16,False,3897.08,1.43,42.88,
Applesauce,sauce1,True,197281,133.0,135.07,True,48.19,46.64,42.48,12.7,47.04,45.14,49.2,76.8,76.97,135.07,False,2829.6,1.66,48.38,
Asparagus,new_asparagus_1,True,27654,4.0,5.11,True,16.67,13.59,11.94,6.91,13.25,9.82,15.16,30.63,156.22,5.11,False,199.73,13.52,49.17,
Asparagus,new_asparagus_2,True,29357,8.0,7.32,True,10.75,10.09,9.16,5.14,10.04,8.25,15.12,14.02,150.87,7.32,False,348.84,26.45,16.97,
Asparagus,new_asparagus_3,True,89345,19.0,19.17,True,27.56,22.19,15.65,7.51,18.78,10.63,33.08,41.41,266.26,19.17,False,380.95,16.06,32.56,
Asparagus,new_asparagus_4,True,672188,45.0,99.41,True,49.41,47.29,43.2,21.61,46.86,31.98,268.0,171.09,268.01,99.42,False,7877.12,14.57,40.09,
Asparagus,new_asparagus_5,True,2682357,373.0,654.96,True,82.16,73.72,62.82,30.29,71.86,56.42,243.2,130.85,276.01,654.96,False,5972.88,21.86,104.64,
Avocado,avocado_2,True,874121,135.0,133.53,True,54.83,53.61,48.57,25.02,53.25,44.55,47.4,69.2,86.07,133.53,False,271.63,28.77,55.34,
Avocado,avocado_3,True,454781,82.0,83.42,True,35.08,33.37,28.55,11.84,33.07,24.38,49.36,69.64,87.16,83.42,False,1737.7,3.14,36.67,
Avocado,avocado_4,True,561282,82.0,84.84,True,34.95,33.25,28.28,10.85,32.58,23.06,52.64,66.79,98.55,84.84,False,1625.96,2.09,36.74,
Avocado,avocado_5,True,735727,137.0,134.68,True,54.36,52.03,46.24,24.94,51.75,42.09,51.32,64.13,97.75,134.67,False,275.82,24.8,54.59,
Avocado,avocado_7,True,919805,210.0,209.1,True,70.01,68.05,62.36,34.74,68.01,59.02,49.24,71.96,81.81,209.1,False,38.39,27.94,68.22,
Avocado,avocado_8,True,1531529,199.0,201.81,True,69.03,67.43,61.3,31.34,67.13,57.02,48.36,66.68,87.9,201.81,False,96.31,24.65,67.37,
Avocado,avocado_9,True,735588,188.0,189.44,True,66.67,64.78,58.61,30.86,64.49,54.18,48.44,67.68,88.84,189.44,False,53.04,25.33,65.2,
Bacon,bacon1,True,206228,5.0,6.01,True,13.13,8.95,6.67,4.05,7.58,4.53,49.4,43.51,159.21,4.68,False,1459.11,9.79,9.29,
Bacon,bacon2,True,140593,8.0,7.07,True,86.12,80.66,59.74,22.57,52.22,17.22,29.72,130.37,51.4,7.07,False,90.23,24.48,74.44,
Bacon,new_bacon_1,True,120305,25.0,36.52,True,24.63,21.75,17.9,7.63,19.93,9.29,82.6,112.14,125.13,36.52,False,8800.72,3.52,24.99,
Bacon,new_bacon_2,True,131821,12.0,13.05,True,94.66,89.08,73.47,22.65,57.38,18.84,34.4,47.3,134.53,13.05,False,244.75,8.0,82.2,
Bacon,new_bacon_3,True,311082,60.0,145.11,True,42.5,40.21,32.25,13.12,40.48,37.29,78.32,97.62,97.64,145.11,False,6642.68,2.34,43.11,
Bacon,new_bacon_4,True,722475,77.0,186.45,True,57.51,50.51,41.8,33.25,46.22,39.3,78.64,97.53,97.71,186.45,False,917.94,2.44,58.13,
Bagel,bagel_1,True,477962,102.0,283.09,True,41.95,40.18,38.6,20.37,40.22,36.66,95.52,114.36,106.75,283.09,False,3185.54,1.36,43.22,
Bagel,bagel_2,True,128673,92.0,281.09,True,41.78,40.52,37.71,17.25,40.31,36.97,93.2,114.75,109.05,281.09,False,1358.4,0.49,41.88,
Bagel,bagel_3,True,1048522,94.0,262.15,True,48.81,45.49,42.42,20.46,45.52,41.06,79.0,103.25,98.67,262.15,False,951.85,1.5,48.7,
Bagel,bagel_4,True,1894607,75.0,202.06,True,59.2,56.47,50.08,29.44,55.85,43.49,80.6,150.54,269.12,201.94,False,2963.99,19.59,123.48,
Bagel,bagel_5,True,1930164,74.0,218.49,True,37.95,36.95,33.75,18.41,36.82,32.68,85.96,105.38,113.89,218.47,False,2231.6,2.32,37.71,
Bagel,bagel_6,True,2049055,84.0,255.21,True,38.21,37.16,35.31,19.22,37.08,34.52,95.0,109.97,108.47,255.21,False,2407.65,1.68,38.18,
Bagel,bagel_7,True,717788,109.0,273.32,True,38.66,37.95,36.35,18.48,37.88,34.69,97.08,111.38,111.76,273.32,False,1766.24,1.11,39.61,
Bagel,bagel_8,True,793108,114.0,258.42,True,40.58,39.38,37.89,18.42,39.28,36.23,89.84,105.17,108.85,258.42,False,546.38,1.02,41.09,
Bagel,new_bagel_1,True,733921,104.0,293.29,True,46.47,44.97,41.04,21.23,44.72,38.72,93.56,114.0,108.04,293.29,False,1810.53,9.09,48.45,
Baked_Potato,potato_1,True,166418,230.0,234.79,True,52.15,51.2,47.82,21.43,51.22,47.0,68.44,68.75,119.32,234.79,False,542.81,5.27,52.72,
Baked_Potato,potato_2,True,766811,237.0,260.39,True,54.72,52.96,49.29,33.41,52.42,43.71,75.72,78.34,116.03,260.39,False,558.68,1.47,54.88,
Baked_Potato,potato_3,True,652145,273.0,284.35,True,55.13,51.86,49.43,29.68,51.72,44.93,85.68,74.69,129.23,284.35,False,189.81,5.04,54.6,
Baked_Potato,potato_4,True,652685,195.0,178.07,True,53.47,51.96,47.08,24.1,51.5,43.86,51.88,64.2,95.26,178.07,False,398.61,0.91,53.39,
Baked_Potato,potato_5,True,1435140,189.0,174.48,True,60.39,59.21,54.62,30.29,58.77,51.17,48.4,64.78,88.62,174.48,False,106.36,15.97,56.27,
Baked_Potato,potato_6,True,755159,204.0,183.47,True,78.88,77.35,69.23,41.97,77.36,65.39,60.16,68.72,102.72,183.47,False,68.9,4.25,80.21,
Baked_Potato,potato_7,True,1201621,162.0,157.98,True,56.78,53.07,45.95,23.76,52.64,40.97,55.32,66.73,99.32,157.96,False,197.48,24.13,57.43,
Banana,banana1,True,372575,182.0,197.82,True,40.63,39.66,35.42,16.28,39.32,32.78,83.64,82.39,213.72,197.84,False,5564.23,11.83,36.88,banana
Banana,banana2,True,459239,153.0,163.09,True,32.49,31.54,28.6,11.09,31.33,26.71,82.64,109.92,184.88,163.59,False,5680.01,1.77,32.08,banana
Banana,banana3,True,351834,187.0,201.58,True,45.53,43.38,37.99,16.83,42.5,34.11,77.68,84.05,209.29,201.58,False,6452.47,3.96,44.86,banana
Banana,banana4,True,572243,196.0,200.55,True,40.98,39.93,36.32,15.48,39.47,32.44,83.28,132.48,202.14,200.55,False,4304.69,10.8,40.61,banana
Banana,banana5,True,650229,194.0,199.83,True,41.14,38.91,35.61,14.96,38.49,31.41,88.44,120.9,204.89,199.83,False,5140.26,12.79,42.01,banana
Banana,banana6,True,575571,167.0,175.08,True,37.63,36.21,33.35,14.48,35.88,29.55,83.2,145.35,196.21,169.96,False,4782.37,3.32,36.02,banana
Banana,new_banana_1,True,927637,178.0,184.1,True,46.37,44.56,39.26,17.64,44.14,34.67,73.0,109.57,172.65,184.1,False,5619.64,7.44,44.67,banana
Beans,baked_bean_1,True,1860400,48.0,75.37,True,40.97,34.09,24.61,8.83,19.02,9.65,389.04,220.36,220.15,58.6,False,5993.24,0.73,41.8,
Beans,baked_bean_2,True,1103846,158.0,174.41,True,49.58,45.78,43.93,34.85,45.9,41.35,75.52,95.91,96.33,174.41,False,1531.5,1.26,49.85,
Beans,baked_bean_4,True,27536,0.55,0.38,True,6.36,6.17,5.52,3.17,6.26,5.32,1.16,12.5,7.72,0.37,False,2.73,14.31,6.32,
Beans,new_beans_1,True,1018500,203.0,201.85,True,44.29,42.85,36.95,11.07,42.85,20.33,184.56,151.25,152.41,202.47,False,13933.32,3.78,50.15,
Beans,new_beans_2,True,606383,194.0,267.45,True,61.15,59.01,48.43,19.14,60.19,58.27,88.68,105.07,102.6,267.45,False,1897.04,4.58,65.27,
Beans,new_beans_3,True,71132,377.0,415.42,True,71.85,59.35,44.13,14.46,63.43,37.05,127.36,124.76,125.54,415.42,False,1985.24,12.87,82.97,
Beans,new_beans_4,True,269722,385.0,351.29,True,42.16,41.66,32.56,11.96,41.85,37.74,200.92,157.16,157.89,351.29,False,18480.18,14.11,71.64,
Bell Pepper,new_bell_pepper_1,True,678592,242.0,389.33,True,82.05,80.14,73.94,44.99,80.04,71.25,75.44,88.61,103.19,389.33,False,339.72,6.21,82.79,
Bell Pepper,new_bell_pepper_2,True,167658,13.0,21.19,True,25.94,21.43,17.36,7.77,23.85,16.14,23.52,55.32,76.3,21.19,False,614.87,5.8,26.21,
Bell Pepper,new_bell_pepper_3,True,146776,12.0,12.67,True,33.78,28.05,17.76,6.13,20.08,7.4,24.56,33.48,82.21,12.65,False,399.96,3.92,35.47,
Bell Pepper,new_bell_pepper_4,True,152245,12.0,23.67,True,24.34,23.42,20.9,11.83,23.12,17.85,23.96,43.85,74.39,23.67,False,551.78,15.68,26.22,
Bell Pepper,new_bell_pepper_5,True,135335,14.0,13.12,True,20.52,18.67,15.44,9.21,18.35,12.12,25.4,40.47,75.68,13.12,False,543.1,10.59,19.12,
Biscuits,biscuit1,True,1201019,49.0,112.32,True,42.61,39.92,36.09,17.62,39.99,33.86,41.24,80.75,63.1,112.36,False,1250.74,0.83,42.94,
Biscuits,biscuit2,True,992236,48.0,116.84,True,44.22,41.44,37.0,17.68,41.17,33.13,42.92,76.3,67.36,116.84,False,974.07,0.96,45.0,
Biscuits,biscuit3,True,849384,48.0,120.24,True,42.56,40.88,37.83,18.49,41.07,35.94,42.56,72.09,69.7,120.12,False,958.75,2.03,42.87,
Biscuits,biscuit_4,True,312782,50.0,76.76,True,46.8,44.28,39.23,22.07,43.03,33.07,38.84,211.02,225.44,76.76,False,1409.19,28.67,154.4,
Biscuits,biscuit_5,True,485576,42.0,86.66,True,34.58,33.84,32.16,16.4,33.84,31.61,34.36,64.13,64.8,86.66,False,428.13,4.7,35.51,
Biscuits,biscuit_6,True,471270,43.0,88.59,True,39.96,37.48,33.53,16.0,37.04,30.74,36.2,67.25,68.21,88.59,False,591.9,1.48,40.28,
Biscuits,new_biscuit_1,True,385939,112.0,227.99,True,59.85,56.05,49.69,25.49,55.4,45.83,62.56,86.53,89.6,227.99,False,1826.04,12.64,63.05,
Biscuits,new_biscuit_2,True,423325,66.0,131.65,True,44.25,38.47,32.99,16.0,37.05,27.27,57.48,77.59,91.47,131.65,False,1081.3,3.24,45.14,
Biscuits,new_biscuit_3,True,135991,35.0,62.56,True,40.73,39.19,34.76,13.99,39.22,33.34,25.48,54.18,55.3,62.56,False,182.0,19.92,42.81,
Biscuits,new_biscuit_4,True,412948,39.0,88.42,True,29.15,26.77,25.04,12.42,26.72,24.2,54.56,75.18,86.15,88.42,False,1426.55,11.68,34.88,
Blueberries,blueberry_2,True,499159,16.0,11.1,True,12.59,9.76,8.0,3.84,10.22,8.78,23.48,51.83,66.46,11.1,False,803.75,1.29,12.65,
Blueberries,blueberry_3,True,300067,3.0,6.95,True,17.29,16.77,15.32,9.03,17.0,15.38,4.56,21.04,21.83,6.43,False,38.07,11.91,17.69,
Blueberries,blueberry_4,True,275632,2.33,3.91,True,16.66,15.87,14.49,9.49,15.99,14.12,3.12,18.5,17.25,3.54,False,5.83,8.77,16.48,
Blueberries,blueberry_5,True,24430,1.67,2.11,True,164.05,12.34,11.0,7.47,12.64,10.98,2.44,220.73,35.74,1.97,False,8.74,5.39,146.57,
Blueberries,new_blueberry_1,True,4125,2.0,1.38,True,10.96,10.72,10.23,6.85,10.6,9.6,2.6,15.3,17.71,1.38,False,2.29,20.99,12.32,
Blueberries,new_blueberry_2,True,15186,1.0,1.54,True,11.38,10.81,9.88,5.34,11.18,9.3,2.52,15.82,15.9,1.54,False,2.67,27.32,13.32,
Blueberries,new_blueberry_3,True,11689,1.0,1.04,True,10.99,10.64,9.62,4.81,10.78,9.07,1.92,13.45,12.98,1.04,False,0.9,26.96,12.53,
Blueberries,new_blueberry_4,True,5332,1.0,1.11,True,10.88,10.55,9.37,3.84,10.64,9.22,1.8,13.58,13.61,1.11,False,18.74,9.27,11.63,
Blueberry(bowl),bowl1,True,523570,188.0,360.79,True,50.84,47.48,43.64,34.75,46.77,39.64,189.24,151.89,152.96,360.03,False,5235.3,0.52,51.67,
Blueberry(bowl),last_blueberry_1,True,451160,123.0,221.11,True,60.85,58.32,53.64,41.27,56.9,46.45,77.32,97.07,96.47,221.11,False,2111.58,6.09,59.75,
Blueberry(bowl),last_blueberry_2,True,501504,140.0,251.45,True,64.51,60.67,54.61,44.39,57.46,49.4,77.96,97.17,97.36,251.45,False,1893.44,4.2,64.61,
Blueberry(bowl),last_blueberry_3,True,411212,216.0,402.38,True,66.09,60.07,56.58,47.38,59.74,53.47,128.16,125.71,125.62,402.38,False,3794.4,3.55,64.2,
Blueberry(bowl),last_blueberry_4,True,440712,157.0,295.22,True,57.78,55.54,47.83,19.9,57.12,48.19,128.32,125.21,125.18,295.22,False,11205.34,1.04,58.54,
Breaded_Fish,breaded_fish_1,True,347841,119.0,183.6,True,50.23,40.38,32.55,16.76,36.29,25.24,120.68,81.59,184.88,183.6,False,1585.79,3.42,53.68,
Breaded_Fish,breaded_fish_2,True,603668,101.0,133.62,True,68.51,58.93,52.06,27.71,57.3,40.39,97.96,96.93,147.56,133.62,False,791.74,20.8,63.79,
Breaded_Fish,breaded_fish_3,True,439933,109.0,162.41,True,69.67,60.62,46.48,20.62,49.03,24.12,102.72,80.48,152.56,162.41,False,835.45,7.61,66.73,
Breaded_Fish,breaded_fish_4,True,982414,61.0,78.53,True,26.66,24.34,22.65,13.14,24.29,20.84,58.88,65.14,114.68,78.65,False,437.55,5.57,26.22,
Breaded_Fish,breaded_fish_5,True,1561761,85.0,108.97,True,28.62,27.13,25.09,13.21,26.92,23.43,68.28,69.73,127.44,109.14,False,830.71,4.49,29.9,
Breaded_Fish,breaded_fish_6,True,1075916,67.0,86.17,True,25.74,24.52,22.68,11.59,24.32,20.79,63.36,66.97,130.03,86.24,False,892.29,6.05,24.45,
Breaded_Fish,breaded_fish_7,True,1315491,68.0,85.0,True,24.7,23.51,21.47,11.22,23.28,19.8,62.56,62.48,124.44,85.03,False,503.99,3.88,24.47,
Breaded_Fish,breaded_fish_8,True,1106474,76.0,100.88,True,25.45,24.25,22.75,11.19,24.09,19.97,74.32,62.89,143.59,100.77,False,985.12,17.89,25.88,
Breaded_Fish,new_breaded_fish_1,True,172489,61.0,66.83,True,15.68,14.89,14.43,11.95,14.76,13.61,59.88,84.38,71.8,66.83,False,3429.49,2.43,17.6,
Breaded_Fish,new_breaded_fish_2,True,970422,133.0,181.29,True,38.2,32.37,29.14,14.54,31.44,25.89,103.6,104.48,157.35,181.29,False,1291.86,7.74,41.01,
Broccoli,broccoli_1,True,846412,19.0,30.82,True,48.97,46.74,42.17,23.25,46.86,39.77,18.8,42.52,65.04,30.82,False,89.77,22.08,51.65,broccoli
Broccoli,broccoli_2,True,404699,15.0,23.72,True,40.07,37.19,31.28,17.12,37.06,28.21,16.64,49.66,52.83,23.72,False,191.59,21.8,40.34,broccoli
Broccoli,broccoli_3,True,679270,20.0,32.7,True,43.91,41.66,38.1,23.02,42.11,36.58,19.16,54.38,53.43,32.7,False,135.08,14.19,44.56,broccoli
Broccoli,broccoli_5,True,2042994,299.0,528.92,True,108.33,95.75,79.14,41.32,95.97,66.63,165.84,147.8,224.19,535.75,False,4653.03,29.05,132.24,broccoli
Broccoli,broccoli_6,True,2169738,251.0,417.57,True,118.36,108.12,89.58,59.59,101.83,78.95,123.8,111.25,198.84,427.82,False,142.6,19.71,115.61,broccoli
Broccoli,broccoli_7,True,947057,17.0,31.37,True,51.39,47.53,40.52,21.43,47.91,32.44,21.96,53.5,80.23,31.34,False,43.25,4.18,53.04,broccoli
Broccoli,broccoli_8,True,444691,9.0,14.61,True,35.31,31.62,26.57,13.18,31.17,21.68,13.24,39.53,60.43,14.72,False,281.29,11.12,38.01,broccoli
Broccoli,new_broccoli_1,True,1507842,237.0,457.57,True,111.09,105.61,95.69,52.05,106.33,88.19,100.28,118.01,135.01,457.57,False,1747.49,7.99,114.99,broccoli
Broccoli,new_broccoli_2,True,802073,78.0,205.98,True,56.07,52.68,48.61,40.43,51.27,42.72,78.64,97.38,97.8,205.98,False,1204.76,3.27,56.85,broccoli
Brownies,brownies_1,True,216414,94.0,80.29,True,23.76,23.11,21.57,9.64,22.95,21.06,44.64,65.19,65.54,80.29,False,1161.36,2.39,24.93,
Brownies,brownies_2,True,164939,97.0,84.1,True,24.97,24.36,23.05,9.32,24.36,22.54,43.44,65.5,65.93,84.1,False,864.51,0.38,25.19,
Brownies,brownies_3,True,1353313,104.0,112.52,True,25.62,24.38,22.35,12.25,24.26,20.94,60.68,72.69,81.89,112.52,False,4468.76,0.85,26.57,
Brownies,brownies_4,True,1120803,103.0,104.39,True,21.35,20.19,19.45,10.09,20.19,18.98,62.48,76.46,85.14,104.39,False,5053.22,0.63,21.48,
Brownies,brownies_5,True,1440316,101.0,114.8,True,30.06,28.83,25.36,11.88,28.58,20.99,60.0,76.92,78.94,114.8,False,2595.53,0.8,30.32,
Burger,burger_1,True,802927,191.0,368.77,True,57.5,55.6,52.63,27.01,55.68,47.34,103.68,132.93,112.42,368.78,False,2000.23,1.24,57.58,
Burger,burger_2,True,2322771,235.0,420.21,True,56.96,55.36,50.6,27.31,55.92,47.57,123.92,130.83,131.19,420.26,False,2549.03,0.2,57.14,
Burger,new_burger_1,True,1335481,200.0,445.76,True,71.48,69.32,62.73,29.01,69.33,60.8,103.6,137.47,125.8,445.76,False,1366.77,6.81,72.28,
Burger,new_burger_2,True,404975,49.0,142.25,True,42.83,41.42,38.68,17.34,41.4,37.22,52.0,79.38,75.64,142.25,False,389.07,4.21,42.31,
Burger,new_burger_3,True,643742,214.0,408.51,True,59.55,57.61,51.87,25.85,57.74,50.35,112.36,112.77,131.89,408.5,False,2518.35,4.51,60.62,
Burger,new_burger_4,True,607860,296.0,535.82,True,63.56,61.27,55.63,24.07,61.06,54.17,125.8,128.91,128.9,535.82,False,1941.24,7.41,70.51,
Burrito,burrito_1,True,481380,269.0,308.28,True,34.58,33.62,30.71,14.97,33.55,29.31,131.92,62.26,234.62,308.28,False,2016.49,2.5,35.01,
Burrito,burrito_2,True,1390374,535.0,542.87,True,53.92,52.85,51.1,26.45,52.73,50.08,137.56,86.11,182.83,542.87,False,1088.57,4.92,55.14,
Burrito,burrito_3,True,1713383,291.0,311.17,True,58.34,56.58,50.43,28.11,57.01,52.14,83.64,91.58,105.28,327.96,False,751.76,2.42,58.75,
Burrito,new_burrito_1,True,577362,259.0,309.47,True,35.17,33.99,29.67,6.66,33.9,28.36,139.4,68.73,235.74,309.47,False,1575.66,25.4,44.82,
Burrito,new_burrito_2,True,249362,144.0,155.62,True,30.93,29.82,28.31,14.08,29.7,27.69,70.28,65.55,120.35,155.62,False,1228.93,2.29,30.63,
Burrito,new_burrito_3,True,312472,115.0,133.98,True,29.05,27.79,26.7,13.5,27.7,25.56,67.4,82.75,115.14,133.98,False,2511.48,11.83,44.31,
Burrito,new_burrito_4,True,1162919,441.0,520.98,True,67.41,64.87,58.7,26.26,65.14,57.59,124.52,92.48,157.0,520.98,False,1066.95,7.23,69.45,
Cabbage,cabbage_1,True,546418,33.0,55.73,True,49.15,43.61,37.95,16.8,41.62,24.52,32.8,52.58,94.96,55.73,False,138.47,20.59,51.67,
Cabbage,cabbage_2,True,577391,34.0,45.93,True,53.33,45.64,38.93,20.05,42.87,24.79,33.28,51.56,86.02,45.93,False,458.88,18.61,60.35,
Cabbage,cabbage_3,True,350269,33.0,55.3,True,31.13,29.24,25.39,9.19,28.9,19.34,40.08,58.33,88.73,55.3,False,459.59,14.37,34.82,
Cabbage,cabbage_4,True,489178,24.0,63.23,True,47.97,44.28,38.58,19.77,44.13,32.39,34.88,53.92,89.73,63.23,False,604.24,3.62,48.33,
Cabbage,cabbage_5,True,2549103,1861.0,2006.98,True,151.93,147.23,133.25,67.6,146.87,126.09,210.8,167.25,170.66,2004.87,False,1142.37,23.57,155.71,
Cabbage,cabbage_6,True,1689327,34.0,63.12,True,31.27,25.34,20.81,10.27,24.57,12.43,82.48,109.68,132.82,63.14,False,2297.14,1.89,31.54,
Cabbage,new_cabbage_1,True,621766,834.0,1053.3,True,130.69,125.38,109.02,56.56,127.17,109.22,132.8,143.5,122.43,1053.3,False,739.85,28.19,136.38,
Cabbage,new_cabbage_2,True,273170,24.0,18.03,True,37.3,34.13,29.74,14.15,30.66,17.38,55.28,72.97,124.5,18.03,False,220.27,21.71,24.21,
Cabbage,new_cabbage_3,True,653007,660.0,1295.07,True,139.79,132.92,113.56,52.36,134.89,115.08,153.16,144.39,139.59,1295.07,False,335.29,10.86,140.19,
Cabbage,new_cabbage_4,True,261210,16.0,88.73,True,35.16,30.68,26.09,11.35,28.32,15.41,83.76,108.8,94.21,88.73,False,1424.97,0.7,35.64,
Cake,cake_4,True,346450,121.0,148.35,True,60.77,57.6,53.5,28.69,58.16,50.99,40.32,61.12,116.18,148.35,False,683.03,2.29,61.35,
Cake,last_cake_1,True,347392,77.0,74.8,True,34.27,31.99,28.53,9.56,32.15,28.56,33.4,50.33,103.36,74.8,False,904.19,0.78,34.06,
Cake,last_cake_2,True,213276,93.0,99.87,True,39.66,34.58,33.19,17.28,37.62,34.14,39.2,51.7,113.31,99.87,False,1715.05,1.0,39.98,
Cake,last_cake_3,True,612845,206.0,354.1,True,52.13,45.8,40.41,19.37,44.97,40.02,105.48,108.75,108.5,354.1,False,6256.03,0.75,52.48,
Cake,last_cake_4,True,632289,195.0,413.23,True,57.43,50.92,46.21,23.92,49.48,43.9,108.56,110.31,105.32,413.23,False,4383.78,1.26,57.93,
Carrot,carrot_1,True,131357,88.0,79.23,True,29.41,28.26,24.89,11.17,27.78,20.82,48.8,29.53,210.41,79.23,False,300.28,29.9,28.11,carrot
Carrot,carrot_2,True,70219,93.0,60.21,True,24.27,23.64,22.09,11.66,23.55,20.44,48.16,27.17,243.74,60.21,False,174.13,4.56,24.93,carrot
Carrot,carrot_3,True,356713,134.0,164.39,True,37.92,33.07,25.52,12.76,28.33,16.74,157.84,141.16,184.67,164.39,False,6676.68,5.41,42.44,carrot
Carrot,carrot_4,True,584393,122.0,193.72,True,54.51,53.15,48.45,14.22,53.05,44.46,74.92,95.51,95.14,193.72,False,1022.05,6.55,55.79,carrot
Carrot,carrot_5,True,1114225,39.0,181.26,True,48.46,44.98,36.1,20.23,48.04,46.21,74.72,95.36,94.33,181.26,False,6390.72,1.14,48.88,carrot
Carrot,carrot_6,True,343611,102.0,96.85,True,33.74,31.93,27.75,14.48,31.43,24.74,54.6,33.8,215.98,96.85,False,213.23,7.58,33.94,carrot
Carrot,carrot_7,True,118108,93.0,85.81,True,31.94,30.75,27.45,14.18,30.34,25.37,45.92,33.43,166.65,85.81,False,73.81,22.5,33.31,carrot
Carrot,carrot_8,True,483338,121.0,311.88,True,51.27,39.37,33.38,17.3,35.12,22.36,190.08,168.91,158.38,311.88,False,14378.66,0.88,51.63,carrot
Carrot,carrot_9,True,107397,9.0,7.43,True,13.87,13.61,12.74,7.84,13.58,12.04,9.12,46.42,30.85,7.43,False,101.27,25.71,15.11,carrot
Carrot,new_carrot_1,True,660865,106.0,220.32,True,63.04,60.31,51.88,19.26,60.56,50.32,73.64,95.01,93.78,220.32,False,621.25,11.14,59.58,carrot
Carrot,new_carrot_2,True,49245,25.0,7.45,True,10.77,10.24,9.5,6.38,10.26,8.69,14.44,33.69,49.98,7.45,False,348.62,1.92,10.66,carrot
Carrot,new_carrot_3,True,58211,9.0,22.61,True,22.38,21.57,19.38,9.15,21.23,16.44,21.96,30.83,129.5,22.61,False,78.23,7.15,22.61,carrot
Cauliflower,new_cauliflower_1,True,3005580,815.0,1368.71,True,141.98,133.37,122.31,63.5,134.14,113.87,210.0,178.87,174.28,1368.7,False,2207.69,21.44,145.56,
Cauliflower,new_cauliflower_2,True,53323,25.0,30.97,True,41.15,39.02,33.89,18.01,38.97,26.1,18.48,47.98,46.43,30.97,False,40.12,21.99,40.5,
Cauliflower,new_cauliflower_3,True,135643,66.0,79.19,True,49.31,47.05,42.51,21.31,46.76,38.35,33.8,62.61,70.89,79.19,False,175.26,19.53,49.74,
Cauliflower,new_cauliflower_4,True,136707,56.0,69.37,True,47.61,45.36,40.39,19.87,45.58,38.72,28.28,51.11,66.86,69.37,False,224.75,12.42,48.1,
Cauliflower,new_cauliflower_5,True,13368,32.0,39.69,True,38.78,36.36,33.39,23.01,35.48,32.41,20.32,50.79,53.92,39.69,False,47.52,15.39,41.85,
Cereal bars,new_cereal_bar_1,True,1187689,21.0,26.71,True,11.1,10.39,9.94,8.68,10.36,9.68,35.92,42.67,91.98,26.71,False,1231.74,2.15,12.63,
Cereal bars,new_cereal_bar_2,True,660197,48.0,52.4,True,18.21,17.44,16.62,10.26,17.59,16.58,39.96,110.69,42.04,52.4,False,2718.67,1.76,19.76,
Cereal bars,new_cereal_bar_3,True,586907,23.0,56.37,True,25.07,23.92,23.02,11.54,24.18,23.39,30.2,67.95,43.34,56.37,False,1158.44,3.26,25.25,
Cereal bars,new_cereal_bar_4,True,164133,34.0,44.63,True,19.19,18.56,18.07,9.89,18.64,17.95,35.92,37.86,97.32,44.63,False,1391.31,3.8,22.07,
Cereal bars,new_cereal_bar_5,True,820347,37.0,55.56,True,16.17,15.41,14.76,10.23,15.2,14.02,37.52,99.88,40.78,39.73,False,1235.35,2.31,16.44,
Chicken_Nugget,new_chicken_nugget_1,True,98966,14.0,19.35,True,18.61,16.72,14.59,8.1,16.19,13.59,20.92,40.28,65.79,19.35,False,218.35,4.56,19.29,
Chicken_Nugget,new_chicken_nugget_2,True,122756,19.0,22.61,True,18.74,17.43,14.21,6.62,17.03,12.37,24.32,49.11,55.86,22.61,False,604.69,5.68,16.71,
Chicken_Nugget,nugget_1,True,162910,14.0,22.52,True,20.81,20.13,18.36,9.44,20.15,17.53,19.52,37.2,58.15,22.52,False,141.84,2.93,21.46,
Chicken_Nugget,nugget_2,True,163228,15.0,22.52,True,20.81,20.12,18.36,9.42,20.14,17.55,19.56,36.68,57.77,22.52,False,141.82,2.84,20.85,
Chicken_Nugget,nugget_3,True,293151,15.0,20.47,True,20.46,18.64,16.53,7.66,18.59,15.45,19.56,40.24,62.35,20.47,False,230.56,5.5,20.56,
Chicken_Nugget,nugget_4,True,102527,9.0,9.09,True,18.74,16.88,15.35,9.2,16.99,14.47,12.08,31.23,54.14,9.09,False,75.69,6.2,18.99,
Chicken_Nugget,nugget_5,True,400958,11.0,17.82,True,36.68,33.66,29.96,18.44,34.18,28.26,15.12,45.79,52.0,17.82,False,36.23,7.73,36.63,
Chicken_Nugget,nugget_6,True,111734,14.0,11.06,True,23.37,22.48,20.92,10.6,22.5,19.38,9.92,36.43,41.08,11.06,False,32.52,7.54,23.61,
Chicken_Nugget,nugget_7,True,153327,24.0,50.59,True,26.63,25.18,22.44,11.2,25.14,21.81,23.96,53.28,57.72,47.16,False,196.44,10.31,26.8,
Chicken_Nugget,nugget_8,True,801964,23.0,42.31,True,19.29,17.96,16.7,7.88,17.98,15.64,25.52,49.71,57.96,49.48,False,241.92,1.02,19.44,
Chicken_Nugget,nugget_9,True,848590,23.0,37.13,True,19.91,18.89,17.9,8.33,19.2,17.83,22.84,48.02,53.56,48.27,False,515.43,1.19,20.0,
Chicken_breast,breast_1,True,225386,78.0,116.27,True,32.23,28.02,22.89,10.61,26.56,20.43,77.2,100.54,120.83,116.27,False,1502.66,1.46,32.38,chicken
Chicken_breast,breast_2,True,622402,128.0,149.53,True,42.18,35.0,28.57,14.02,33.8,26.36,87.76,100.07,133.56,149.53,False,1550.81,2.95,41.97,chicken
Chicken_breast,breast_3,True,2053961,122.0,258.31,True,53.66,51.09,47.25,26.25,51.26,42.05,103.2,130.42,120.84,258.31,False,742.05,12.0,61.74,chicken
Chicken_breast,breast_4,True,742632,127.0,245.75,True,59.1,52.73,47.29,23.36,51.58,41.42,98.56,108.96,130.81,245.76,False,1194.09,15.3,59.04,chicken
Chicken_tender,tender_1,True,114641,57.0,63.28,True,37.29,32.5,28.18,16.46,31.52,25.56,44.32,49.63,123.16,63.28,False,87.56,26.82,35.83,
Chicken_tender,tender_2,True,110764,44.0,45.85,True,40.94,38.15,33.2,18.88,37.48,27.48,33.6,51.57,106.04,45.85,False,85.34,13.58,28.81,
Chicken_tender,tender_3,True,325953,37.0,42.06,True,30.79,26.79,23.96,12.67,26.45,21.33,36.92,55.08,109.33,42.06,False,980.33,9.19,32.2,
Chicken_tender,tender_4,True,209252,38.0,39.37,True,24.8,22.98,20.74,10.76,23.09,18.68,31.0,39.0,113.85,39.37,False,229.45,0.69,25.02,
Chicken_tender,tender_5,True,361461,32.0,43.95,True,33.79,29.12,25.7,16.28,28.7,24.51,33.84,37.24,122.05,43.95,False,119.65,23.51,31.55,
Chicken_thighs,thigh_1,True,627703,109.0,133.97,True,53.43,49.71,44.72,23.56,49.46,41.27,56.32,76.18,94.15,133.97,False,524.13,19.26,51.03,chicken
Chicken_thighs,thigh_2,True,941439,94.0,109.59,True,39.73,38.05,34.18,19.44,37.8,30.79,55.2,77.3,89.47,109.59,False,1409.41,1.52,39.87,chicken
Chicken_thighs,thigh_3,True,1280716,207.0,248.83,True,64.99,61.07,51.4,27.78,60.98,47.63,87.2,101.09,116.75,248.83,False,1262.53,5.33,66.22,chicken
Chicken_thighs,thigh_5,True,1257199,161.0,178.42,True,50.86,47.46,41.35,19.26,47.84,38.69,71.4,96.71,106.99,178.42,False,856.62,3.84,49.67,chicken
Chicken_thighs,thigh_6,True,2171137,181.0,250.97,True,70.36,64.67,59.48,36.16,64.69,55.23,77.0,115.67,101.88,250.97,False,680.36,15.71,70.43,chicken
Chicken_thighs,thigh_7,True,596920,180.0,208.71,True,70.47,64.52,56.61,26.3,63.93,49.01,78.44,107.68,110.21,208.71,False,820.48,12.42,65.59,chicken
Chicken_wings,wings_1,True,173910,59.0,81.42,True,57.14,53.4,45.13,25.23,53.31,38.6,39.8,74.27,76.25,81.42,False,207.59,25.79,60.79,
Chicken_wings,wings_2,True,1178038,56.0,85.82,True,72.81,63.0,44.15,21.15,48.4,29.48,45.96,87.51,74.03,85.82,False,372.62,2.23,75.2,
Chicken_wings,wings_3,True,230442,80.0,111.55,True,59.29,50.39,42.79,24.07,45.55,35.52,54.16,102.0,78.08,111.55,False,137.1,5.91,52.74,
Chicken_wings,wings_4,True,825871,58.0,58.42,True,40.33,36.25,31.92,16.51,36.13,30.43,32.72,64.16,85.08,58.42,False,89.58,9.67,45.12,
Chicken_wings,wings_5,True,162332,38.0,38.42,True,42.45,39.57,35.62,17.54,39.3,30.95,22.96,66.82,63.76,38.42,False,213.32,21.27,51.55,
Chicken_wings,wings_6,True,142902,35.0,42.38,True,38.69,36.33,30.9,18.07,35.52,26.51,27.76,76.62,59.53,42.38,False,226.58,13.53,37.14,
Chicken_wings,wings_7,True,634449,28.0,47.28,True,27.66,26.42,23.63,10.27,26.45,21.24,35.12,74.88,82.29,44.06,False,2153.73,0.65,27.88,
Chocolate,new_chocolate_1,True,258459,59.0,55.56,True,10.31,8.73,7.67,1.14,8.7,7.7,89.2,96.4,99.11,55.56,False,5473.79,2.32,14.06,
Chocolate,new_chocolate_2,True,73475,14.0,17.26,True,10.26,9.69,9.29,3.86,9.68,9.29,24.48,33.25,74.75,17.26,False,915.93,2.08,10.95,
Chocolate,new_chocolate_3,True,551899,149.0,223.06,True,45.48,43.29,34.62,13.96,43.36,20.83,185.56,152.83,150.22,223.06,False,14519.6,0.71,46.42,
Chocolate,new_chocolate_4,True,46391,17.0,27.93,True,22.68,22.07,19.59,10.03,22.09,18.42,23.36,32.4,84.22,27.93,False,160.37,5.16,23.4,
Cinnamon_Roll,cinnamon_bun_1,True,909506,107.0,280.36,True,49.16,46.09,41.39,18.42,46.44,41.72,88.16,114.48,93.4,280.36,False,1385.28,0.44,49.43,
Cinnamon_Roll,cinnamon_bun_2,True,1572446,85.0,210.7,True,47.99,45.18,39.62,18.12,45.83,39.81,72.4,78.67,102.55,210.7,False,661.49,1.73,47.63,
Cinnamon_Roll,cinnamon_bun_3,True,531808,73.0,181.65,True,42.03,40.55,36.67,17.27,41.03,36.92,63.6,80.51,91.49,181.65,False,1468.98,0.48,42.2,
Cinnamon_Roll,cinnamon_bun_4,True,1032811,152.0,415.78,True,57.41,53.12,46.74,19.02,51.35,39.4,125.28,117.34,125.4,415.78,False,1124.58,1.79,57.42,
Cinnamon_Roll,cinnamon_bun_5,True,1613531,156.0,364.08,True,56.24,52.65,46.24,17.58,51.7,41.84,108.32,112.33,110.29,364.08,False,1424.02,0.19,56.25,
Cinnamon_Roll,cinnamon_bun_6,True,1917166,152.0,410.94,True,56.51,52.27,45.89,18.77,50.68,39.22,125.04,118.24,125.75,410.93,False,3116.61,0.72,56.72,
Cinnamon_Roll,new_cinnamon_roll_1,True,160383,36.0,43.84,True,35.03,34.09,32.87,19.57,34.18,32.24,19.72,51.36,46.66,43.84,False,227.63,6.91,36.0,
Coleslaw,coleslaw_1,True,352541,114.0,126.65,True,34.65,29.67,25.22,14.63,27.9,18.47,87.96,115.72,107.97,126.65,False,6605.53,0.92,34.93,
Coleslaw,new_coleslaw_1,True,704356,167.0,305.23,True,61.13,49.8,44.85,38.71,46.21,42.77,186.6,152.18,151.16,305.23,False,4287.04,2.41,60.87,
Coleslaw,new_coleslaw_2,True,239999,354.0,261.67,True,59.41,56.47,48.24,14.69,56.91,54.13,91.44,105.63,105.28,261.67,False,7187.95,2.21,61.93,
Coleslaw,new_coleslaw_3,True,993056,180.0,348.0,True,69.84,61.81,57.5,48.4,60.05,55.59,89.56,105.29,103.47,348.0,False,4115.18,1.97,69.86,
Coleslaw,new_coleslaw_4,True,1076469,225.0,439.07,True,63.74,61.08,51.94,14.71,62.42,53.26,128.28,125.96,125.11,439.07,False,1996.17,6.13,64.19,
Cookies,cookies_1,True,314557,11.0,16.03,True,11.55,11.25,10.85,5.9,11.33,10.69,19.0,46.71,46.88,16.03,False,569.37,0.12,11.59,
Cookies,cookies_3,True,61045,50.0,60.33,True,17.56,16.52,15.82,5.92,16.55,15.79,48.44,61.48,88.75,60.33,False,1019.07,1.04,17.64,
Cookies,cookies_4,True,583581,36.0,44.24,True,16.17,15.22,14.08,8.26,14.96,13.55,50.8,76.97,81.09,44.24,False,644.03,0.84,16.51,
Cookies,cookies_5,True,621044,43.0,57.82,True,17.81,15.05,13.28,7.07,14.59,12.31,58.92,86.41,84.65,57.82,False,952.06,0.88,17.82,
Cookies,cookies_6,True,599769,42.0,55.25,True,15.94,14.15,12.81,7.56,13.9,11.53,58.6,88.33,80.65,55.23,False,2256.69,1.28,15.66,
Corn dog,new_corn_dog_1,True,384255,77.0,105.43,True,48.23,46.47,40.89,20.72,46.1,36.79,44.64,40.92,177.94,105.43,False,251.51,29.56,42.03,
Corn dog,new_corn_dog_2,True,413332,80.0,109.99,True,46.29,41.65,34.87,18.15,43.68,34.97,49.28,43.96,178.79,109.99,False,125.63,19.24,40.76,
Corn dog,new_corn_dog_3,True,1232400,219.0,354.86,True,72.03,67.06,61.75,34.98,66.94,57.93,102.8,71.08,208.35,354.86,False,325.42,20.42,70.46,
Corn dog,new_corn_dog_4,True,185115,139.0,208.01,True,69.07,66.57,59.53,30.48,65.57,51.92,66.28,62.57,210.23,208.01,False,219.85,22.7,52.93,
Corn dog,new_corn_dog_5,True,506721,188.0,269.12,True,64.72,60.64,55.81,32.7,59.97,50.3,80.2,62.37,202.91,269.12,False,474.93,6.64,61.41,
Corn(bowl),corn_bowl_1,True,1338062,228.0,320.41,True,43.93,41.72,19.78,10.62,43.13,18.1,193.56,154.33,155.48,320.5,False,14596.71,1.37,45.2,
Corn(bowl),corn_bowl_2,True,498546,228.0,356.29,True,58.34,51.0,45.69,38.53,48.49,42.83,187.12,151.64,152.76,356.28,False,4028.09,1.31,59.34,
Corn(bowl),new_corn_1,True,3463335,321.0,526.04,True,68.67,60.47,50.1,35.68,57.16,41.14,203.44,158.18,158.97,526.04,False,1908.34,3.26,68.45,
Corn(bowl),new_corn_2,True,252834,172.0,378.33,True,78.15,68.41,62.06,49.47,66.81,58.32,89.44,105.71,103.04,378.33,False,3145.02,5.37,81.54,
Corn(bowl),new_corn_3,True,308627,198.0,421.59,True,67.81,59.22,53.93,43.78,58.02,52.3,129.36,125.59,126.7,421.59,False,2646.91,4.24,67.99,
Corn(bowl),new_corn_4,True,1283497,255.0,390.58,True,63.21,55.56,50.39,40.4,54.37,43.85,186.92,152.76,152.36,390.58,False,4542.56,2.2,64.22,
Corn_Stick,corn1,True,424998,242.0,263.1,True,50.65,48.84,45.64,24.2,48.76,42.95,83.32,50.12,187.8,263.1,False,193.96,27.15,50.36,
Corn_Stick,corn2,True,421771,272.0,295.13,True,52.65,50.26,46.3,24.97,50.09,43.27,91.92,52.86,205.27,295.13,False,232.65,14.3,53.71,
Corn_Stick,corn3,True,427688,275.0,300.14,True,53.55,52.56,49.84,28.64,52.69,47.95,90.72,56.07,192.81,300.02,False,210.62,24.64,54.38,
Corn_Stick,corn4,True,1746329,316.0,426.77,True,58.68,56.23,51.45,29.25,56.19,48.14,120.96,68.3,198.23,426.72,False,741.78,29.47,59.09,
Corn_Stick,corn5,True,1011797,341.0,457.39,True,59.29,57.12,52.92,23.91,57.03,49.0,121.44,66.38,209.57,457.7,False,348.14,2.1,60.21,
Corn_Stick,corn6,True,852532,291.0,306.96,True,53.05,51.17,47.72,25.28,51.02,45.17,90.76,53.32,188.95,306.96,False,289.35,27.43,52.83,
Cottage cheese,new_cottage_cheese_1,True,678270,428.0,450.31,True,81.18,76.74,63.84,19.59,78.43,76.75,109.16,115.68,115.65,450.31,False,6941.57,2.67,82.32,
Cottage cheese,new_cottage_cheese_2,True,109581,111.0,106.78,True,68.86,65.4,60.82,14.43,65.86,63.41,39.88,72.34,72.16,106.78,False,1439.86,1.81,68.9,
Cottage cheese,new_cottage_cheese_3,True,306704,118.0,116.9,True,69.45,66.54,63.79,17.76,67.15,64.12,39.72,64.56,65.49,116.9,False,2535.15,2.85,69.51,
Cottage cheese,new_cottage_cheese_4,True,372610,166.0,154.76,True,54.73,53.04,45.1,14.93,53.29,47.62,59.32,72.48,94.67,154.76,False,707.52,11.3,62.05,
Cottage cheese,new_cottage_cheese_5,True,342788,171.0,151.28,True,48.52,47.26,43.04,14.92,47.49,46.25,58.88,71.18,94.49,151.28,False,1597.95,1.26,49.13,
Crab,new_crab_1,True,958886,136.0,268.11,True,86.32,77.77,65.51,34.86,70.24,45.77,176.2,158.58,216.13,268.15,False,4588.11,8.45,78.17,
Crab,new_crab_2,True,368158,141.0,168.83,True,45.62,42.22,29.97,8.94,44.84,36.93,75.96,96.55,95.76,168.83,False,5926.81,8.06,53.61,
Crab cake,new_crab_cake_1,True,205214,26.0,37.33,True,20.62,19.85,18.94,11.56,19.9,18.36,24.24,49.44,58.62,32.91,False,309.5,4.69,20.86,
Crab cake,new_crab_cake_2,True,105168,26.0,28.69,True,22.96,21.28,19.48,10.58,20.94,18.51,28.96,50.72,68.08,37.33,False,275.41,5.02,23.15,
Crab cake,new_crab_cake_3,True,60664,25.0,28.69,True,19.73,19.03,18.25,8.86,19.09,18.02,24.36,50.46,56.78,28.69,False,533.63,12.43,25.71,
Crab cake,new_crab_cake_4,True,78981,27.0,35.31,True,26.1,25.03,22.78,11.62,24.73,20.99,21.96,45.82,53.23,35.31,False,342.62,6.25,26.78,
Crab cake,new_crab_cake_5,True,343162,57.0,74.36,True,22.39,20.69,19.58,14.71,20.35,17.34,57.8,85.1,83.67,74.36,False,3651.77,4.06,22.88,
Croissant,croissant_1,True,600386,45.0,157.34,True,41.01,38.87,32.63,15.02,38.1,28.74,67.0,74.12,130.9,157.34,False,2151.94,1.4,41.5,
Croissant,croissant_2,True,796458,49.0,181.36,True,44.53,39.67,33.8,10.77,40.06,30.42,74.48,73.42,146.26,181.27,False,726.21,1.95,44.6,
Croissant,croissant_3,True,1635021,46.0,176.57,True,44.51,42.57,35.82,15.78,41.76,31.92,69.48,76.32,136.41,176.57,False,1428.51,1.18,45.07,
Croissant,croissant_4,True,1273050,67.0,412.31,True,66.87,62.31,52.47,22.43,59.48,41.97,115.28,116.83,166.57,412.31,False,2490.02,0.12,66.93,
Croissant,croissant_5,True,1430107,64.0,404.92,True,62.39,59.13,52.34,21.13,58.0,45.53,110.72,113.26,154.04,404.92,False,2193.13,1.05,62.1,
Croissant,croissant_6,True,1142192,68.0,303.41,True,54.15,52.4,46.66,19.45,51.89,39.86,95.84,101.14,157.32,303.41,False,1486.83,4.06,53.16,
Croissant,new_croissant_1,True,302020,77.0,143.32,True,36.82,33.73,31.01,14.01,33.56,28.59,63.56,75.47,93.05,143.32,False,2001.1,0.89,37.2,
Croissant,new_croissant_2,True,426045,59.0,232.8,True,39.15,37.94,34.32,14.47,37.62,29.86,93.56,76.64,171.06,232.8,False,1943.81,3.41,41.42,
Cucumber,new_cucumber_1,True,403601,93.0,93.98,True,32.96,32.01,30.62,20.8,31.97,29.14,43.84,35.85,135.98,93.98,False,105.03,21.14,32.76,
Cucumber,new_cucumber_2,True,311413,68.0,65.77,True,32.44,31.68,29.32,14.18,31.71,27.85,35.04,45.05,118.09,65.77,False,62.13,23.59,40.37,
Cucumber,new_cucumber_3,True,664143,115.0,112.51,True,47.3,45.93,41.84,22.62,45.59,38.24,41.52,47.13,110.66,112.51,False,114.65,13.19,45.19,
Cucumber,new_cucumber_4,True,62987,14.0,13.09,True,12.35,11.37,11.11,7.71,11.41,10.97,15.24,41.47,42.72,13.09,False,327.34,1.51,12.39,
Cucumber,new_cucumber_5,True,284159,45.0,60.39,True,24.38,21.97,19.11,12.91,20.77,15.37,50.04,74.86,81.59,60.39,False,1563.08,0.64,24.73,
Doughnut,doughnut1,True,1059639,66.0,188.15,True,35.68,34.15,32.84,16.07,34.12,32.05,70.64,91.07,97.56,188.15,False,1522.35,1.13,35.58,
Doughnut,doughnut3,True,674109,59.0,157.22,True,37.69,36.16,33.79,12.34,36.37,34.06,59.28,84.16,87.04,157.22,False,972.63,2.95,39.12,
Doughnut,doughnut4,True,656667,71.0,143.16,True,38.48,36.51,34.62,18.66,36.37,34.06,56.32,84.26,82.04,142.46,False,1404.67,3.36,38.46,
Doughnut,doughnut5,True,849287,81.0,188.96,True,45.81,43.7,41.28,19.49,43.87,39.81,73.04,92.18,101.57,188.91,False,1650.24,0.43,45.8,
Doughnut,doughnut6,True,1307148,84.0,210.53,True,42.58,41.55,40.9,22.49,41.63,40.68,66.76,90.79,94.34,210.53,False,1238.77,1.23,42.61,
Doughnut,doughnut7,True,718640,68.0,114.35,True,34.61,31.86,27.81,15.58,31.04,22.11,66.0,94.17,89.13,114.35,False,2213.07,0.46,34.99,
Edamame,new_edamame_1,True,45819,3.0,3.55,True,9.65,9.14,8.16,3.99,8.95,5.84,11.72,26.44,76.36,3.55,False,400.64,19.53,9.32,
Edamame,new_edamame_2,True,39142,4.0,4.92,True,13.37,12.61,11.41,7.7,12.31,10.32,9.16,16.17,64.33,4.92,False,24.62,29.39,13.75,
Edamame,new_edamame_3,True,49353,3.0,13.72,True,53.41,47.4,43.71,30.71,49.42,33.11,22.68,66.32,81.58,13.72,False,4.71,28.88,55.59,
Edamame,new_edamame_4,True,652286,137.0,169.74,True,32.42,25.48,19.87,10.32,22.21,12.45,218.48,172.89,192.3,169.74,False,10301.43,1.53,33.32,
Edamame,new_edamame_5,True,1317967,108.0,306.76,True,71.9,53.87,40.98,20.97,61.59,26.84,185.4,151.38,152.86,306.76,False,2354.36,6.36,75.7,
Egg,boiledegg1,True,89848,46.0,45.66,True,41.15,40.29,37.47,25.28,40.04,34.75,18.72,41.53,52.21,45.66,False,9.27,21.74,43.12,egg
Egg,boiledegg2,True,600305,60.0,101.89,True,44.08,42.54,39.39,23.67,43.16,37.86,21.72,57.96,43.29,108.27,False,2.89,12.78,44.31,egg
Egg,new_egg_1,True,92658,52.0,53.24,True,42.01,41.03,36.42,19.4,40.82,35.54,21.08,41.79,57.65,53.24,False,36.45,23.49,41.41,egg
Egg,new_egg_3,True,96382,58.0,52.16,True,44.5,41.9,37.69,21.42,43.5,38.45,19.72,44.43,51.08,52.16,False,6.22,29.87,43.43,egg
Egg,new_egg_4,True,68688,58.0,56.35,True,43.21,42.26,38.55,21.27,42.24,36.86,21.76,46.52,56.11,56.35,False,9.31,3.51,43.31,egg
Falafel,new_falafel_1,True,952394,28.0,30.9,True,36.15,34.23,30.28,15.2,34.28,25.88,16.32,44.2,43.45,30.9,False,155.04,5.81,36.65,
Falafel,new_falafel_2,True,163378,26.0,29.05,True,36.46,34.3,30.19,15.53,33.99,26.54,14.8,41.14,42.4,29.05,False,56.35,15.53,37.65,
Falafel,new_falafel_3,True,118584,27.0,30.75,True,34.92,33.92,30.77,15.88,33.98,27.95,15.24,42.25,41.5,30.75,False,72.28,4.87,35.22,
Falafel,new_falafel_4,True,138753,29.0,32.87,True,38.61,36.3,30.79,13.18,36.22,27.41,16.48,44.64,42.91,32.87,False,34.01,5.79,38.75,
Falafel,new_falafel_5,True,130632,28.0,31.82,True,38.03,35.75,32.18,17.24,35.38,28.87,15.76,43.19,42.79,31.82,False,62.96,25.11,37.66,
Frankfurter_Sandwich,frank_sandwich_1,True,762061,205.0,367.25,True,53.94,51.68,42.3,15.53,52.22,43.7,129.56,99.56,152.88,367.23,False,597.18,0.78,53.97,
Frankfurter_Sandwich,frank_sandwich_2,True,170070,191.0,589.83,True,68.83,65.49,58.78,23.42,65.71,57.87,161.16,86.08,218.9,589.82,False,1017.81,12.96,64.52,
Frankfurter_Sandwich,frank_sandwich_3,True,384832,159.0,286.26,True,58.2,53.98,44.33,17.44,54.26,42.39,95.88,80.46,147.62,286.26,False,1205.04,11.27,50.71,
Frankfurter_Sandwich,frank_sandwich_4,True,437948,140.0,275.25,True,48.64,45.63,42.39,12.7,45.51,40.79,99.12,73.27,152.1,275.25,False,1885.72,3.47,49.09,
Frankfurter_Sandwich,frank_sandwich_5,True,322140,100.0,180.38,True,46.66,44.5,38.86,21.36,43.04,36.15,67.92,48.94,153.08,180.38,False,723.79,17.98,40.29,
French_Fry,fries_1,True,1183538,69.0,300.14,True,58.12,50.9,43.36,31.9,43.71,38.54,193.36,153.71,155.34,299.77,False,5466.88,0.48,58.41,chips_fries
French_Fry,fries_2,True,537771,5.0,11.8,True,15.08,13.51,11.76,7.39,14.04,12.21,12.28,170.11,206.17,10.75,False,1883.56,8.61,16.84,chips_fries
French_Fry,new_fries_3,True,370152,71.0,259.78,True,78.99,68.22,60.23,32.2,68.12,56.21,106.68,114.97,147.32,259.79,False,583.18,25.13,86.49,chips_fries
French_Fry,new_fries_4,True,1178929,267.0,864.91,True,100.94,87.3,71.06,45.16,92.76,67.53,516.52,307.16,279.35,864.91,False,9003.19,22.71,84.13,chips_fries
French_Fry,new_waffle_fry_1,True,98390,10.0,16.43,True,27.2,22.64,18.36,11.34,20.63,15.77,34.2,61.24,68.3,16.43,False,1091.81,10.44,29.89,chips_fries
French_Fry,new_waffle_fry_2,True,481573,134.0,697.02,True,144.19,136.34,123.44,55.44,136.23,106.04,118.92,126.54,126.09,697.02,False,944.85,18.42,148.62,chips_fries
French_toast,toast_1,True,773143,127.0,387.22,True,34.88,33.16,31.54,27.06,32.93,30.22,154.4,126.26,141.09,387.23,False,5344.71,0.65,35.38,
French_toast,toast_2,True,900371,141.0,392.58,True,37.51,35.01,33.71,23.25,34.5,33.29,161.36,131.78,139.71,392.58,False,2860.22,1.77,38.19,
French_toast,toast_3,True,151519,90.0,162.18,True,43.62,39.9,34.77,20.35,37.98,25.67,74.36,77.63,152.29,162.18,False,3560.17,0.34,43.92,
French_toast,toast_4,True,565312,51.0,108.56,True,33.47,29.35,26.63,12.77,29.37,26.03,61.84,133.38,82.63,108.56,False,3731.76,1.26,34.81,
French_toast,toast_5,True,148771,54.0,121.37,True,42.95,39.22,33.26,18.38,37.94,25.63,70.84,138.8,79.74,121.37,False,1255.22,9.92,33.65,
Fried mushrooms,new_fried_mushroom_1,True,160452,13.0,15.98,True,33.13,30.15,27.54,18.43,30.48,25.27,12.04,37.04,40.09,15.98,False,43.48,10.81,33.7,
Fried mushrooms,new_fried_mushroom_2,True,316681,11.0,14.95,True,28.61,23.83,19.66,8.94,27.83,24.45,10.52,36.63,36.29,14.95,False,38.26,10.41,28.8,
Fried mushrooms,new_fried_mushroom_3,True,76460,10.0,11.66,True,28.39,26.25,23.26,12.01,26.09,21.54,9.92,39.48,31.59,11.66,False,40.94,9.31,28.41,
Fried mushrooms,new_fried_mushroom_4,True,184700,16.0,17.58,True,35.15,33.45,30.27,16.69,33.17,27.02,10.8,36.25,34.7,17.58,False,49.92,28.63,39.75,
Fried mushrooms,new_fried_mushroom_5,True,258845,10.0,13.13,True,33.28,32.27,29.13,17.52,32.57,27.1,9.48,34.88,38.41,13.18,False,48.34,29.69,34.03,
Fried_egg,fried_egg_1,True,489144,42.0,10.47,True,13.51,12.61,11.55,7.51,12.29,9.17,78.52,105.0,114.08,26.63,False,2235.41,4.18,13.45,
Fried_egg,fried_egg_3,True,787454,75.0,66.77,True,16.16,15.43,13.7,8.25,14.22,9.48,125.76,127.86,128.93,82.34,False,8626.01,0.73,16.81,
Fried_egg,new_fried_egg_1,True,736781,308.0,58.5,True,26.14,21.35,18.48,10.3,22.81,17.68,67.44,104.91,81.21,58.5,False,1763.13,5.81,26.49,
Fried_egg,new_fried_egg_2,True,89609,265.0,20.11,True,21.95,18.2,14.99,8.29,17.32,12.3,33.84,53.38,79.76,20.11,False,915.14,5.46,21.87,
Fried_rice,last_fried_rice_1,True,1016057,461.0,666.5,True,94.75,90.68,84.52,61.81,88.72,72.52,129.76,126.18,126.86,666.5,False,3840.15,7.01,93.11,
Fried_rice,new_fried_rice_1,True,722202,162.0,285.17,True,78.83,73.33,63.77,48.47,69.92,54.29,78.44,97.5,97.22,285.17,False,620.51,3.84,79.19,
Fried_rice,new_fried_rice_2,True,1120049,116.0,507.19,True,66.26,62.71,58.51,42.9,62.01,49.71,187.56,152.64,151.72,507.19,False,3923.42,2.16,67.69,
Grapes,new_grape_1,True,1047427,311.0,412.49,True,95.23,84.39,71.53,43.21,90.02,73.87,127.76,236.77,278.48,412.49,False,12893.98,13.99,118.74,
Grapes,new_grape_2,True,47413,125.0,139.04,True,65.11,60.17,50.45,29.24,61.51,44.84,59.88,84.85,148.82,139.04,False,691.5,20.22,56.03,
Grapes,new_grape_3,True,174144,19.0,17.09,True,28.24,24.05,20.89,14.08,23.23,19.35,13.2,40.47,45.05,17.09,False,42.22,6.36,29.14,
Grapes,new_grape_4,True,226336,89.0,86.44,True,46.0,40.84,33.62,18.13,42.12,34.15,51.36,58.61,124.34,86.44,False,851.75,26.8,50.69,
Grapes,new_grape_5,True,138849,43.0,32.4,True,53.3,47.55,37.5,17.4,47.92,30.48,28.68,69.21,90.28,32.4,False,509.26,24.61,43.95,
Green_Bean,green_bean_1,True,130018,7.0,9.94,True,14.38,10.59,7.62,3.26,13.42,10.64,15.56,15.29,130.37,9.94,False,99.09,5.48,15.45,
Green_Bean,green_bean_2,True,95808,4.0,3.3,True,8.58,7.96,6.76,3.46,7.77,6.46,8.92,12.72,90.86,3.3,False,35.41,26.52,10.75,
Green_Bean,new_green_bean_1,True,72481,6.0,6.56,True,9.36,9.0,8.12,3.84,9.18,8.4,13.64,36.33,97.17,6.56,False,638.95,2.51,9.15,
Green_Bean,new_green_bean_2,True,75576,7.0,6.9,True,10.86,9.88,9.35,5.97,9.75,8.98,13.6,26.6,122.31,6.9,False,199.16,1.05,11.37,
Green_Bean,new_green_bean_3,True,65148,4.0,4.38,True,9.72,8.57,7.73,4.83,8.26,7.28,10.64,19.48,101.6,4.38,False,88.85,7.29,11.84,
Green_Bean,new_green_bean_4,True,69682,7.0,6.63,True,16.5,15.79,14.47,8.51,15.45,13.16,13.08,23.38,116.4,6.63,False,150.33,25.69,11.53,
Green_beans,green_beans_1,True,1481970,104.0,212.02,True,47.73,43.85,25.0,15.39,45.55,20.39,187.16,152.02,151.87,212.04,False,11286.93,3.49,49.55,
Green_beans,green_beans_2,True,95840,100.0,3.3,True,8.58,7.95,6.75,3.46,7.76,6.47,8.96,12.26,90.89,3.3,False,35.41,27.3,11.06,
Green_beans,new_green_beans_1,True,880398,134.0,302.79,True,70.46,57.03,47.8,34.51,53.65,43.03,194.32,155.54,153.86,302.79,False,2590.51,0.86,71.17,
Green_beans,new_green_beans_2,True,469961,91.0,365.38,True,92.3,71.88,48.75,24.65,83.68,58.58,91.72,115.63,105.37,365.38,False,1842.07,14.72,95.52,
Green_beans,new_green_beans_3,True,563311,82.0,255.23,True,74.73,66.86,61.43,41.94,64.16,43.23,127.32,123.11,126.46,255.23,False,423.96,10.27,71.55,
Green_beans,new_green_beans_4,True,634957,197.0,427.43,True,76.28,55.84,43.56,24.63,63.16,36.53,199.16,155.75,157.9,427.43,False,2141.91,9.98,74.62,
Guacamole,guacamole_1,True,317117,107.0,108.03,True,47.72,46.77,40.85,11.82,47.2,41.94,43.76,74.07,72.98,108.03,False,1764.25,25.08,67.9,
Guacamole,guacamole_2,True,634274,229.0,297.96,True,47.18,44.11,36.84,5.89,46.94,45.09,100.28,110.75,111.31,297.96,False,8325.04,0.27,47.35,
Guacamole,new_guacamole_1,True,475042,246.0,245.44,True,46.67,44.46,40.34,13.24,45.18,43.58,89.16,101.02,107.28,245.44,False,3896.99,1.24,47.29,
Guacamole,new_guacamole_2,True,377382,158.0,192.77,True,55.68,52.17,48.22,40.21,49.08,44.61,75.84,95.59,95.83,192.77,False,591.97,0.49,55.87,
Guacamole,new_guacamole_3,True,158885,112.0,119.44,True,54.77,51.44,48.14,12.11,51.49,47.88,42.36,70.59,72.38,119.44,False,920.7,1.92,54.19,
Guacamole,new_guacamole_4,True,136047,109.0,115.98,True,53.45,52.29,47.46,12.88,53.02,47.68,41.16,71.03,73.25,119.13,False,1138.57,6.76,52.51,
Gyoza,new_gyoza_1,True,287626,15.0,20.89,True,30.97,29.59,26.23,11.28,29.71,23.98,17.8,29.62,75.21,20.89,False,356.06,18.17,31.85,
Gyoza,new_gyoza_3,True,28352,15.0,31.13,True,34.94,33.07,26.97,11.35,33.5,24.32,24.4,38.28,80.8,31.13,False,482.27,17.09,38.86,
Gyoza,new_gyoza_4,True,16062,15.0,20.45,True,31.82,29.59,25.23,17.57,27.49,21.53,19.76,32.59,76.36,20.45,False,21.32,9.64,34.67,
Gyoza,new_gyoza_5,True,47620,14.0,21.67,True,42.7,38.73,31.31,14.2,32.96,20.22,21.4,42.25,67.26,21.67,False,164.84,24.31,26.96,
Hashbrown,hash1,True,319008,230.0,153.77,True,27.22,23.5,21.85,14.12,23.26,19.35,115.88,105.73,143.53,153.77,False,4720.78,1.83,26.86,
Hashbrown,new_hashbrown_1,True,2041519,310.0,669.8,True,136.97,134.07,119.46,37.06,135.63,130.88,85.08,95.3,110.83,669.79,False,2639.65,8.81,138.52,
Hashbrown,new_hashbrown_2,True,470198,170.0,55.33,True,67.02,58.37,50.23,23.39,52.1,24.05,124.44,148.26,134.77,55.33,False,1678.86,24.75,42.08,
Hashbrown,new_hashbrown_3,True,770980,49.0,28.85,True,26.53,21.0,17.17,9.45,19.06,12.19,99.72,122.98,132.72,28.85,False,5759.31,1.11,27.29,
Hashbrown,new_hashbrown_4,True,1323441,81.0,192.48,True,62.72,59.48,49.27,20.95,60.51,60.02,67.04,89.53,90.65,192.48,False,5503.08,0.41,62.57,
Ice_cream,ice_cream_1,True,513437,203.0,288.53,True,57.4,55.45,53.29,46.07,55.06,50.33,92.32,106.0,106.18,288.53,False,2591.09,0.87,57.96,
Ice_cream,ice_cream_4,True,168476,90.0,134.96,True,52.22,49.72,45.01,20.8,49.01,38.28,49.08,57.19,138.61,134.96,False,424.06,21.84,49.98,
Ice_cream,new_ice_cream_1,True,457244,261.0,372.49,True,82.26,80.22,70.71,16.28,80.52,66.57,91.64,104.99,105.9,372.49,False,4451.73,2.13,84.44,
Ice_cream,new_ice_cream_2,True,399175,122.0,176.02,True,58.61,51.0,44.59,18.1,54.91,48.21,90.16,104.46,104.96,176.02,False,4564.73,8.7,60.09,
Ice_cream,new_ice_cream_3,True,229997,120.0,162.81,True,50.67,49.07,38.11,18.39,50.25,41.48,90.48,104.32,105.24,162.81,False,5629.47,6.53,55.05,
Ice_cream,new_ice_cream_4,True,220811,57.0,103.69,True,23.84,23.21,22.56,16.49,23.17,22.0,56.2,51.73,126.21,103.69,False,1569.15,3.47,24.73,
Kiwi,new_kiwi_1,True,215702,126.0,125.19,True,51.25,47.41,40.86,22.53,50.12,44.21,37.84,55.9,81.95,125.19,False,69.61,8.61,54.7,
Kiwi,new_kiwi_2,True,147994,64.0,64.01,True,44.28,42.17,36.9,13.71,41.11,32.97,23.96,52.12,54.73,64.01,False,304.41,12.48,47.74,
Kiwi,new_kiwi_3,True,118105,16.0,14.45,True,10.43,9.66,9.35,5.64,9.68,9.25,20.76,44.53,53.6,14.45,False,565.27,0.34,10.64,
Kiwi,new_kiwi_4,True,93655,39.0,38.03,True,35.89,32.16,24.87,5.12,31.78,24.56,22.16,45.22,55.48,38.03,False,563.58,7.33,36.15,
Kiwi,new_kiwi_5,True,221099,125.0,124.08,True,52.97,48.84,41.9,22.71,51.77,44.85,36.92,56.92,76.6,124.08,False,48.51,19.27,52.02,
Lasagna,lasagna1,True,747531,,328.32,True,34.85,31.69,29.49,19.03,30.93,26.64,166.8,110.17,182.2,328.3,False,6475.65,2.07,38.07,
Lasagna,new_lasagna_1,True,391292,368.0,254.88,True,37.93,33.26,27.59,12.36,28.65,18.91,181.28,140.54,168.12,254.88,False,13733.59,3.39,42.72,
Lasagna,new_lasagna_2,True,1249184,292.0,342.03,True,44.17,35.64,29.8,19.92,30.4,27.0,175.4,128.23,182.47,342.03,False,6725.17,0.63,44.34,
Lasagna,new_lasagna_3,True,2673912,141.0,1051.03,True,55.44,49.67,42.86,14.26,47.05,18.63,586.04,271.79,271.0,1051.03,False,18669.84,2.0,59.57,
Lasagna,new_lasagna_4,True,333486,931.0,137.21,True,37.86,31.87,28.31,15.78,30.15,24.4,76.12,87.67,121.74,137.21,False,2324.69,1.12,38.92,
Lobster,new_lobster_1,True,483258,63.0,92.81,True,41.05,37.82,31.49,13.7,36.03,22.65,73.64,56.29,187.22,92.81,False,1493.44,20.33,48.81,
Lobster,new_lobster_2,True,402707,93.0,169.23,True,58.72,54.21,43.63,14.62,53.05,36.73,90.32,103.96,152.14,169.23,False,2337.07,20.22,93.14,
Mac,mac1,True,367759,186.0,215.64,True,53.74,51.11,47.12,32.2,50.51,42.93,78.84,132.61,106.16,215.64,False,3812.95,1.93,54.26,
Mac,mac3,True,61620,1.0,1.46,True,8.27,7.68,7.04,3.68,7.72,6.76,3.84,15.05,28.32,1.46,False,59.83,2.25,8.33,
Mac,new_mac_and_cheese_1,True,243570,243.0,367.3,True,61.07,57.85,52.62,41.82,56.05,45.09,183.8,150.43,151.56,367.3,False,3122.82,3.19,63.91,
Mac,new_mac_and_cheese_2,True,374455,172.0,134.2,True,35.0,28.21,23.27,11.73,25.85,16.28,105.32,113.92,135.69,134.2,False,8990.21,0.25,35.35,
Mac,new_mac_and_cheese_3,True,719001,140.0,141.54,True,34.88,32.6,29.28,12.88,32.38,30.13,65.28,88.54,91.09,141.54,False,1201.85,2.36,35.79,
Mac,new_mac_and_cheese_4,True,611038,465.0,526.9,True,71.72,65.96,60.47,45.34,63.56,53.04,186.52,151.35,151.72,526.9,False,3276.57,0.79,72.93,
Mango,new_mango_1,True,450820,376.0,377.38,True,77.73,75.1,67.5,37.06,75.08,64.46,78.76,85.44,112.43,377.38,False,49.24,7.52,79.53,
Mango,new_mango_2,True,499073,408.0,411.42,True,88.44,86.35,80.39,45.28,85.82,74.64,74.08,85.14,102.61,411.42,False,138.4,9.85,86.65,
Mango,new_mango_3,True,131374,107.0,113.16,True,34.88,23.78,19.14,7.35,29.26,19.06,71.76,87.36,103.36,113.16,False,653.3,11.63,39.37,
Mango,new_mango_4,True,459075,300.0,298.48,True,84.52,81.68,72.86,39.16,79.83,60.64,69.76,90.66,101.86,298.48,False,88.58,29.86,76.95,
Mango,new_mango_5,True,356068,380.0,392.5,True,84.9,82.85,75.72,43.29,82.57,70.6,76.76,84.79,119.9,392.5,False,40.3,18.35,82.83,
Mashed_Potato,mash1,True,324603,130.0,120.69,True,50.4,46.47,38.83,19.39,45.06,30.74,56.24,82.33,102.19,120.69,False,2042.38,0.68,50.66,potato_mashed
Mashed_Potato,new_mashed_potato_1,True,249864,188.0,171.09,True,38.75,34.06,28.9,16.6,31.46,23.12,92.44,104.4,130.39,171.09,False,7836.49,0.27,38.78,potato_mashed
Mashed_Potato,new_mashed_potato_2,True,222046,201.0,198.34,True,44.46,41.92,37.49,23.48,40.98,30.78,82.92,105.25,101.31,198.34,False,2198.43,4.39,46.06,potato_mashed
Mashed_Potato,new_mashed_potato_3,True,263206,80.0,103.94,True,40.77,33.61,26.97,16.49,28.82,21.03,80.96,93.21,134.93,103.94,False,899.68,22.48,61.16,potato_mashed
Meatloaf,meatloaf_1,True,690933,155.0,50.71,True,45.72,41.28,35.37,19.39,34.58,15.41,251.72,177.16,177.05,153.26,False,5498.32,0.11,45.77,
Meatloaf,meatloaf_2,True,639781,105.0,91.49,True,23.81,21.87,19.87,9.34,21.21,17.94,58.72,67.04,99.06,91.49,False,3199.26,0.88,23.75,
Meatloaf,meatloaf_3,True,618796,89.0,78.35,True,23.25,22.26,21.22,9.48,22.23,19.16,60.0,65.99,103.39,78.35,False,1174.81,2.69,22.96,
Meatloaf,new_meatloaf_1,True,96466,98.0,95.0,True,47.89,42.59,39.08,21.91,40.45,38.76,31.0,53.65,74.44,95.0,False,799.17,0.91,48.27,
Meatloaf,new_meatloaf_2,True,160240,103.0,100.49,True,45.07,42.8,40.43,21.67,42.58,38.69,34.6,50.02,73.38,100.49,False,533.95,8.2,45.05,
Meatloaf,new_meatloaf_3,True,240573,109.0,99.83,True,40.01,37.76,31.79,16.94,36.66,25.31,61.32,73.97,105.28,99.82,False,709.72,10.18,33.68,
Melons,melon_1,True,106031,17.0,24.53,True,25.14,24.04,22.95,11.03,24.08,23.01,14.36,36.41,41.37,24.53,False,270.08,3.35,24.73,
Melons,melon_10,True,1010200,40.0,41.15,True,39.1,35.45,30.54,13.61,35.02,18.56,28.44,48.23,62.58,41.15,False,298.38,1.08,39.7,
Melons,melon_12,True,144767,24.0,23.02,True,28.35,25.72,24.53,13.17,25.85,24.43,14.0,41.9,46.38,23.02,False,199.82,0.38,28.3,
Melons,melon_13,True,721131,20.0,38.87,True,28.8,26.24,22.58,11.23,26.34,20.44,14.76,37.49,41.29,33.53,False,256.11,1.34,29.1,
Melons,melon_2,True,151088,23.0,31.04,True,33.48,31.13,28.64,10.33,32.09,27.19,15.56,34.9,44.44,31.04,False,54.09,2.49,33.66,
Melons,melon_3,True,173460,18.0,25.6,True,34.45,31.62,29.9,17.51,30.98,28.45,14.12,35.76,40.39,25.6,False,317.46,9.62,37.24,
Melons,melon_4,True,797546,23.0,22.94,True,26.6,25.33,23.63,13.58,25.84,23.91,13.04,37.31,37.51,22.94,False,502.43,3.03,26.42,
Melons,melon_5,True,286503,36.0,52.52,True,42.34,40.21,36.71,19.53,40.3,34.52,22.84,46.26,54.51,52.52,False,200.0,22.14,45.48,
Melons,melon_6,True,321321,28.0,31.17,True,52.43,49.56,41.89,21.94,49.71,34.31,14.48,42.33,41.11,31.17,False,128.21,2.74,52.45,
Melons,melon_8,True,629967,31.0,48.62,True,29.24,28.24,27.68,15.69,28.34,27.75,18.2,39.86,49.17,46.6,False,456.87,0.62,29.42,
Melons,melon_9,True,959804,35.0,33.84,True,44.39,42.05,38.37,18.46,41.98,29.6,16.48,38.87,43.63,33.84,False,209.02,1.92,44.47,
Muffin,last_muffin_1,True,238219,30.0,51.25,True,42.94,42.11,39.78,22.52,42.37,40.57,19.96,48.25,47.97,51.25,False,330.39,3.01,43.19,
Muffin,last_muffin_2,True,94235,30.0,46.65,True,42.28,41.51,38.95,20.64,41.85,40.52,15.8,42.8,43.34,46.65,False,421.1,1.93,42.72,
Muffin,last_muffin_3,True,449770,68.0,109.56,True,50.66,49.51,47.57,25.34,49.9,48.13,33.12,62.99,62.43,109.56,False,723.44,0.48,50.86,
Muffin,muffin_1,True,663538,101.0,232.74,True,74.45,71.0,63.67,36.18,70.89,57.79,62.16,90.35,84.41,232.74,False,1946.29,0.18,74.5,
Muffin,muffin_2,True,1653894,98.0,217.7,True,79.46,75.13,68.98,39.04,74.79,60.72,55.88,81.69,82.21,217.7,False,291.56,2.21,79.57,
Nachos,nachos1,True,1469062,468.0,615.36,True,138.98,115.84,96.68,56.99,106.13,66.66,348.36,202.37,382.02,615.57,False,14876.44,24.71,150.85,
Nachos,new_nachos_1,True,261137,82.0,135.82,True,66.62,51.82,36.35,13.64,37.37,18.13,132.24,138.55,161.07,135.82,False,4992.32,1.01,66.87,
Nachos,new_nachos_2,True,1089477,135.0,116.32,True,82.39,71.53,59.03,26.5,58.13,24.13,156.16,150.34,177.06,116.32,False,1447.22,4.31,81.51,
Nachos,new_nachos_3,True,955861,402.0,1012.18,True,64.3,59.03,51.59,28.96,57.62,40.05,411.6,224.9,237.33,1012.18,False,7615.44,6.89,63.8,
Nachos,new_nachos_4,True,912924,439.0,814.21,True,73.05,66.46,56.59,28.61,65.24,35.76,355.04,223.36,226.52,814.21,False,3899.31,12.8,61.4,
Nutrition bars,new_nutrition_bar_1,True,109356,69.0,58.6,True,18.8,17.53,16.18,9.16,17.38,14.84,50.16,58.81,90.24,58.6,False,1513.63,3.55,20.92,
Nutrition bars,new_nutrition_bar_2,True,156411,71.0,60.88,True,19.39,18.44,17.16,9.08,18.41,16.24,49.68,58.97,89.11,60.88,False,1533.31,2.46,20.93,
Nutrition bars,new_nutrition_bar_3,True,241461,71.0,61.44,True,19.08,17.54,16.41,9.09,17.54,15.82,51.08,59.73,93.92,61.44,False,1302.0,1.94,20.7,
Nutrition bars,new_nutrition_bar_4,True,156200,67.0,62.36,True,19.21,17.77,16.72,10.54,17.71,16.47,47.36,58.53,87.08,62.36,False,1107.4,8.58,24.69,
Nutrition bars,new_nutrition_bar_5,True,207822,70.0,64.07,True,18.97,18.29,17.42,8.54,18.42,17.37,47.76,59.35,88.74,64.07,False,1803.76,5.93,23.3,
Omelet,new_omlet_1,True,407205,165.0,204.16,True,44.9,34.43,27.27,15.32,29.12,19.83,148.68,114.04,178.71,204.16,False,6287.28,0.98,45.09,
Omelet,new_omlet_2,True,705989,124.0,151.86,True,30.68,24.74,20.63,8.33,24.44,18.11,130.52,78.47,202.71,151.86,False,1886.9,3.78,28.11,
Omelet,new_omlet_3,True,442873,203.0,228.71,True,32.3,29.2,25.31,14.98,26.46,20.08,161.12,89.06,216.89,228.72,False,3655.13,1.66,32.12,
Omelet,new_omlet_4,True,1363090,257.0,282.88,True,52.09,47.53,39.77,19.09,45.4,31.25,128.36,95.11,172.39,282.88,False,2181.31,10.37,55.44,
Omelet,omelet_1,True,463196,402.0,371.88,True,38.6,36.75,33.01,17.03,36.27,27.07,174.64,105.13,206.32,371.88,False,12849.72,1.11,40.17,
Omelet,omelet_2,True,554666,264.0,278.83,True,34.4,27.92,21.55,9.37,29.07,19.96,207.6,139.37,200.28,278.83,False,5247.58,9.14,36.97,
Omelet,omelet_3,True,721649,317.0,350.4,True,41.86,37.26,32.59,22.1,34.23,29.01,177.16,115.8,206.2,350.4,False,5708.3,2.34,42.22,
Onion,new_onion_1,True,612531,275.0,293.54,True,86.78,81.84,74.99,35.45,81.58,71.68,56.12,81.96,82.04,293.54,False,38.58,26.07,100.02,
Onion,new_onion_2,True,250988,97.0,108.47,True,37.01,35.98,32.1,11.09,35.9,28.16,47.2,70.65,91.46,108.47,False,1221.97,23.92,51.17,
Onion,new_onion_3,True,693687,49.0,80.28,True,30.6,23.01,19.18,10.93,20.92,14.19,86.08,108.14,123.13,80.28,False,4103.85,1.61,31.26,
Onion,new_onion_4,True,240306,26.0,37.28,True,42.96,41.31,37.83,14.42,41.25,35.01,22.28,50.48,58.83,37.28,False,296.27,18.22,46.56,
Onion,new_onion_5,True,375218,207.0,223.6,True,63.35,61.42,56.31,30.83,61.37,53.95,56.12,83.06,82.08,223.6,False,287.1,20.9,68.22,
Pancake,new_pancake_1,True,376082,90.0,198.17,True,17.81,17.35,16.36,13.38,17.07,15.47,168.84,146.54,144.61,198.17,False,14455.79,2.86,16.74,
Pancake,new_pancake_2,True,484472,160.0,360.63,True,52.64,46.68,41.29,26.54,45.51,38.15,130.24,124.4,128.93,360.63,False,1630.52,6.13,54.92,
Pancake,new_pancake_4,True,172342,36.0,54.73,True,13.48,12.5,11.89,9.66,12.25,10.64,80.08,99.15,98.92,54.73,False,5414.94,4.32,11.73,
Pancake,new_pancake_5,True,121258,40.0,70.13,True,17.73,17.02,15.7,10.64,16.36,12.82,84.52,103.34,100.37,70.13,False,5605.03,6.54,12.2,
Pancake,pancake_1,True,416219,270.0,531.43,True,36.36,33.93,29.73,14.69,34.34,30.93,208.24,161.91,160.19,531.28,False,13472.84,0.71,36.99,
Pancake,pancake_2,True,1098008,264.0,196.32,True,27.19,22.65,18.32,11.24,17.25,11.97,425.88,227.44,229.52,196.31,False,14936.37,2.62,23.23,
Pancake,pancake_3,True,623612,160.0,68.07,True,24.89,18.79,15.4,9.58,17.03,12.55,338.68,194.93,221.12,147.6,False,7883.28,4.36,23.69,
Pancake,pancake_4,True,2246312,192.0,521.38,True,40.16,37.42,33.44,16.46,36.31,27.16,340.92,217.67,213.29,524.94,False,6308.3,5.81,36.49,
Papaya,new_pappaya_1,True,788094,984.0,1090.14,True,101.6,99.56,92.24,51.98,98.86,85.43,165.52,101.92,196.48,1090.14,False,365.43,11.13,101.79,
Papaya,new_pappaya_2,True,1028985,455.0,487.85,True,52.96,51.45,45.82,14.96,50.68,39.45,166.04,113.77,192.75,487.85,False,5330.53,22.26,76.51,
Papaya,new_pappaya_3,True,532974,521.0,578.91,True,60.75,58.59,48.89,13.44,58.38,44.89,172.68,112.17,201.43,578.91,False,1369.91,24.12,80.48,
Papaya,new_pappaya_4,True,49918,17.0,16.87,True,20.13,19.02,16.01,6.05,18.58,13.24,18.72,39.33,65.95,16.87,False,251.06,4.82,21.42,
Papaya,new_pappaya_5,True,104525,10.0,10.52,True,23.46,20.84,17.01,8.04,19.19,11.41,14.44,40.59,47.64,10.52,False,185.64,1.06,23.49,
Pasta_mixed_dishes,new_pasta_and_mixed_dishes_1,True,1303465,308.0,355.66,True,53.85,45.71,38.65,24.08,40.41,28.99,204.8,164.21,175.43,355.66,False,5576.75,0.51,54.62,
Pasta_mixed_dishes,new_pasta_and_mixed_dishes_2,True,888295,265.0,357.05,True,48.32,40.32,32.02,18.38,33.89,21.07,275.96,210.64,204.86,357.05,False,14124.26,1.54,51.48,
Pasta_mixed_dishes,new_pasta_and_mixed_dishes_3,True,470494,325.0,400.36,True,32.95,30.37,17.29,9.65,32.34,29.8,238.8,148.17,187.83,400.29,False,20126.11,1.9,35.98,
Pasta_mixed_dishes,new_pasta_and_mixed_dishes_4,True,747917,281.0,204.64,True,32.71,30.11,20.5,14.32,32.26,30.22,236.44,146.53,187.45,219.56,False,19934.68,1.24,34.95,
Pasta_mixed_dishes,pasta1,True,1830436,545.0,731.86,True,53.75,48.21,42.71,27.43,45.6,30.89,423.56,232.25,227.76,731.85,False,9050.37,1.51,55.44,
Peach,new_peach_1,True,396409,171.0,182.55,True,75.04,70.18,62.56,31.58,69.35,59.06,41.32,70.55,70.92,182.55,False,224.87,6.74,76.5,
Peach,new_peach_3,True,269504,183.0,193.1,True,76.2,72.02,64.1,31.0,70.93,60.44,41.68,71.56,69.7,193.1,False,209.33,19.17,78.24,
Peach,new_peach_4,True,452521,167.0,162.84,True,68.97,67.73,61.87,34.41,67.33,59.11,42.12,68.8,75.7,176.58,False,33.59,23.21,68.78,
Peach,new_peach_5,True,10237,9.0,20.09,True,35.83,29.82,20.87,11.93,33.38,24.77,12.0,43.28,42.81,20.09,False,0.76,27.73,46.83,
Peanut butter and jelly sandwiches,new_pbj_1,True,1045443,93.0,285.25,True,34.39,32.08,30.89,15.42,32.03,30.42,119.76,107.79,124.11,285.25,False,3941.84,2.29,33.66,
Peanut butter and jelly sandwiches,new_pbj_2,True,432219,44.0,116.7,True,32.75,30.53,26.85,15.69,30.62,25.88,62.52,67.55,112.37,116.7,False,1122.1,5.37,35.13,
Peanut butter and jelly sandwiches,new_pbj_3,True,583683,117.0,325.13,True,38.73,36.8,35.03,20.15,36.84,35.07,110.44,110.84,119.71,325.13,False,2757.38,9.61,56.64,
Peanut butter and jelly sandwiches,new_pbj_4,True,616561,57.0,144.59,True,36.73,33.62,30.15,16.1,33.56,30.84,62.56,86.75,127.62,144.59,False,1935.27,11.86,45.98,
Peanut butter and jelly sandwiches,new_pbj_5,True,354132,114.0,294.46,True,34.24,33.8,32.82,18.63,33.84,32.63,114.64,104.55,121.71,294.47,False,2963.1,2.8,38.53,
Peanuts,new_peanut_3,True,424010,10.0,16.85,True,12.86,11.24,9.38,6.12,11.01,7.56,40.2,76.04,78.98,16.85,False,1313.12,2.58,12.85,
Peanuts,new_peanut_5,True,22528,3.0,5.98,True,15.38,14.88,13.63,6.46,14.86,13.13,7.04,16.35,41.22,5.98,False,38.81,4.73,15.45,
Peanuts,new_peanut_6,True,1328834,110.0,352.1,True,63.18,56.99,47.45,37.77,54.35,43.14,184.28,151.89,150.53,352.1,False,4028.26,1.15,63.6,
Peanuts,peanuts_1,True,471562,63.0,56.53,True,19.53,16.84,14.52,7.38,15.55,9.01,87.4,114.92,122.11,56.53,False,3829.88,0.31,19.54,
Peanuts,peanuts_2,True,1152388,41.0,93.15,True,30.44,26.06,22.52,9.64,24.65,11.95,101.88,116.18,120.4,93.15,False,4080.54,2.29,31.5,
Peanuts,peanuts_4,True,162532,9.0,8.94,True,10.47,9.46,7.46,4.5,8.83,5.95,24.64,61.03,55.73,8.94,False,983.69,1.55,10.61,
Pie,apple_pie_1,True,737080,96.0,132.71,True,36.48,35.74,31.98,12.87,35.18,26.59,84.04,99.7,103.44,132.71,False,1633.37,12.07,34.67,
Pie,apple_pie_2,True,561345,80.0,124.62,True,29.68,28.85,26.83,11.0,28.66,21.91,89.84,105.82,104.22,124.63,False,2073.24,6.09,30.85,
Pie,new_pie_1,True,152708,110.0,130.42,True,29.68,28.55,25.88,8.56,28.1,22.61,87.12,103.66,104.67,130.42,False,2178.24,5.39,29.73,
Pie,new_pie_2,True,293545,94.0,91.67,True,25.41,24.81,21.95,5.52,24.87,19.41,74.88,94.1,96.81,91.67,False,2779.12,26.86,54.65,
Pie,new_pie_3,True,298571,108.0,138.6,True,29.04,28.17,25.51,7.2,28.01,21.2,92.12,106.4,104.64,138.6,False,2330.2,4.9,30.52,
Pie,new_pie_4,True,294324,110.0,121.47,True,28.27,27.01,24.2,19.05,25.85,22.85,88.24,104.94,104.08,121.47,False,1727.41,2.88,26.99,
Pineapple,new_pineapple_1,True,113007,2091.0,2292.04,True,148.01,142.52,126.42,57.55,141.54,117.39,284.76,139.4,278.46,2292.04,False,1583.55,28.54,139.58,
Pineapple,new_pineapple_2,True,95890,2006.0,2215.17,True,148.01,142.18,123.69,55.31,141.51,115.15,288.48,141.92,293.43,2215.17,False,2042.02,16.56,137.79,
Pineapple,new_pineapple_3,True,138120,29.0,24.47,True,10.14,9.72,9.23,6.57,9.66,8.81,43.6,72.8,72.86,24.17,False,1964.84,2.49,12.93,
Pineapple,new_pineapple_4,True,42723,32.0,28.19,True,10.41,9.61,8.99,2.81,9.5,8.62,44.84,74.62,72.14,29.93,False,1900.76,4.52,14.99,
Pineapple,new_pineapple_5,True,64450,32.0,29.49,True,10.61,9.86,9.42,3.79,9.8,9.41,44.24,72.37,73.09,31.27,False,1325.57,3.22,12.8,
Pizza,new_pizza_1,True,386297,66.0,91.58,True,19.84,17.63,16.23,8.12,17.27,14.96,91.56,121.78,124.25,91.58,False,5168.65,3.78,23.29,
Pizza,new_pizza_2,True,466856,76.0,188.58,True,36.22,29.85,21.97,12.78,23.84,18.8,121.24,126.98,158.87,188.58,False,2162.44,2.34,37.46,
Pizza,new_pizza_3,True,1130166,460.0,530.71,True,27.54,21.4,18.04,11.37,18.79,12.25,720.68,297.63,305.66,530.71,False,24347.25,1.21,26.26,
Pizza,new_pizza_4,True,302715,166.0,267.47,True,29.78,25.48,21.9,16.95,23.58,18.67,263.76,151.27,266.33,267.47,False,6915.38,3.3,38.14,
Pizza,pizza1,True,1821673,59.0,119.83,True,29.7,26.99,22.8,15.04,24.79,19.31,81.8,98.72,140.51,119.83,False,1281.02,1.82,32.94,
Pork_Chop,pork_chop_1,True,1034958,201.0,196.5,True,30.21,27.67,26.02,13.04,27.86,26.15,99.24,95.68,130.93,196.5,False,3977.92,1.27,31.75,pork
Pork_Chop,pork_chop_2,True,559498,201.0,187.05,True,27.08,26.29,24.78,9.99,26.13,23.71,100.12,93.98,134.16,187.05,False,4629.32,2.76,28.26,pork
Pork_Chop,pork_chop_3,True,566806,210.0,201.85,True,33.01,28.78,26.38,20.79,27.44,23.09,111.88,101.79,166.07,201.85,False,4238.12,2.22,32.25,pork
Pork_Chop,pork_chop_4,True,780068,210.0,184.73,True,27.56,24.04,21.56,6.13,24.28,21.68,108.28,103.72,155.35,184.73,False,2803.79,1.3,27.01,pork
Pork_Chop,pork_chop_6,True,1649228,199.0,163.55,True,23.22,21.21,18.86,9.86,20.59,17.38,138.64,117.05,172.98,155.47,False,3919.11,1.8,26.96,pork
Pork_Rib,pork_rib_1,True,317509,309.0,15.15,True,27.6,25.36,23.46,14.58,25.36,21.04,12.36,40.54,43.27,15.15,False,47.75,2.75,27.77,
Pork_Rib,pork_rib_2,True,1159759,332.0,249.67,True,66.11,59.81,51.77,25.0,57.68,33.9,158.84,316.64,206.56,249.64,False,6798.97,21.52,140.56,
Pork_Rib,pork_rib_3,True,928569,286.0,257.63,True,152.72,45.35,39.25,20.12,43.34,35.18,144.72,292.89,174.24,258.44,False,3288.99,3.57,141.17,
Pudding,new_pudding_1,True,885951,119.0,188.35,True,70.66,68.9,61.66,16.9,69.73,59.73,61.16,86.95,85.93,188.35,False,2491.24,1.51,72.1,
Pudding,new_pudding_2,True,321318,120.0,117.25,True,55.07,52.92,49.1,22.07,53.23,52.38,39.0,68.75,68.46,117.25,False,1355.71,1.33,55.56,
Pudding,new_pudding_3,True,301851,203.0,114.38,True,54.59,53.55,52.7,40.96,53.64,49.76,39.48,68.25,69.25,114.38,False,1021.19,25.02,73.44,
Pudding,new_pudding_4,True,373956,119.0,116.71,True,53.52,52.44,48.39,10.92,52.8,51.5,39.28,69.24,68.58,116.71,False,2228.79,27.13,74.1,
Pudding,new_pudding_5,True,271173,117.0,112.94,True,56.7,54.14,51.27,18.24,54.44,53.28,38.88,68.13,68.61,112.94,False,1417.55,2.18,57.9,
Quesadilla,new_quesedilla_1,True,392208,72.0,91.81,True,26.05,21.17,18.61,11.8,20.72,17.04,76.52,92.85,144.49,91.81,False,3698.46,2.34,28.47,
Quesadilla,new_quesedilla_2,True,487124,88.0,112.72,True,27.43,25.02,23.35,12.55,24.71,22.85,95.44,111.26,140.22,112.72,False,5103.52,3.28,34.54,
Quesadilla,new_quesedilla_3,True,353024,103.0,136.08,True,31.27,28.35,24.77,15.38,27.37,22.75,79.56,83.25,138.24,136.08,False,1290.89,8.49,41.57,
Quesadilla,new_quesedilla_4,True,384614,121.0,148.82,True,38.25,33.67,30.71,16.43,32.15,25.69,78.2,97.92,131.44,148.82,False,1614.62,16.79,37.55,
Quesadilla,quesadilla_1,True,401927,54.0,147.98,True,30.71,28.45,23.51,9.47,28.68,23.79,101.28,126.59,144.72,147.98,False,2522.91,8.62,30.47,
Quesadilla,quesadilla_3,True,1045027,60.0,179.9,True,30.23,26.88,21.75,9.1,26.3,14.18,103.52,101.97,158.58,157.03,False,4002.38,14.77,27.83,
Quesadilla,quesadilla_4,True,421977,87.0,96.92,True,26.34,25.16,22.68,11.65,24.52,19.6,92.12,98.5,139.16,96.92,False,2227.15,8.92,26.54,
Quickbread,quickbread_1,True,99284,58.0,105.16,True,34.26,33.93,32.73,18.33,33.95,32.47,37.8,44.9,82.3,105.16,False,1080.43,0.62,34.67,
Quickbread,quickbread_2,True,68277,58.0,106.25,True,33.91,33.16,32.55,16.22,33.18,32.48,39.88,46.95,87.02,106.25,False,871.55,1.94,33.54,
Quickbread,quickbread_3,True,243574,60.0,103.19,True,34.44,33.29,32.0,24.02,33.37,31.24,40.56,48.87,88.04,103.19,False,602.96,0.94,34.64,
Quickbread,quickbread_4,True,2697821,52.0,131.59,True,256.81,30.18,27.88,15.97,29.85,26.4,66.4,175.35,95.89,131.59,False,1167.31,6.22,264.64,
Quickbread,quickbread_5,True,585059,67.0,146.55,True,30.91,28.71,27.49,13.89,28.72,26.52,69.52,80.59,100.69,146.55,False,2210.87,0.71,30.84,
Rice,new_rice_1,False,382250,195.0,210.78,True,42.29,39.39,33.66,15.57,37.14,27.77,110.04,134.36,136.24,210.77,False,3747.5,0.56,42.54,white_rice|brown_rice
Rice,new_rice_2,False,288949,176.0,91.17,True,26.2,21.35,18.36,8.69,20.09,13.59,97.28,121.21,123.64,91.18,False,8779.33,0.55,26.39,white_rice|brown_rice
Rice,new_rice_3,False,764122,335.0,446.29,True,75.04,71.83,67.99,52.98,71.74,65.81,90.56,105.62,103.38,446.29,False,3226.45,0.78,75.23,white_rice|brown_rice
Rice,new_white_and_brown_rice_1,False,1361316,87.0,218.62,True,54.84,53.09,40.12,24.1,54.21,49.08,128.52,125.42,125.43,218.62,False,10744.47,0.16,54.9,white_rice|brown_rice
Rice,new_white_and_brown_rice_2,False,755977,81.0,195.68,True,50.9,49.71,44.93,10.89,49.65,40.93,78.32,97.32,97.73,195.68,False,919.29,4.35,51.46,white_rice|brown_rice
Rice,new_white_and_brown_rice_3,False,841404,431.0,600.22,True,84.04,78.86,74.58,61.39,76.27,68.99,129.68,126.21,125.81,600.22,False,2358.57,1.15,84.2,white_rice|brown_rice
Rice,rice_1,False,675440,130.0,204.58,True,41.15,37.35,32.06,11.48,36.76,15.59,144.12,126.68,162.76,204.58,False,8673.53,0.68,41.63,white_rice|brown_rice
Rice,rice_3,False,1648005,115.0,211.22,True,69.71,66.06,60.06,35.94,66.35,57.06,41.4,71.48,71.98,202.81,False,117.8,29.91,70.38,white_rice|brown_rice
Salmon_Grill,new_salmon_1,True,141145,165.0,147.89,True,28.55,27.63,25.51,13.07,27.6,24.87,83.08,64.07,141.2,147.89,False,1267.99,1.71,28.59,
Salmon_Grill,new_salmon_2,True,75634,201.0,183.23,True,33.05,31.46,29.19,11.2,31.07,25.66,101.2,78.22,142.83,183.23,False,730.9,2.67,32.64,
Salmon_Grill,new_salmon_3,True,31524,59.0,54.05,True,29.93,28.91,26.59,13.1,28.82,24.28,29.68,55.08,56.83,55.04,False,495.53,2.48,31.03,
Salmon_Grill,new_salmon_4,True,66299,110.0,100.59,True,33.42,31.88,28.84,10.96,31.47,24.73,53.52,86.54,84.87,100.59,False,515.17,16.27,34.48,
Salmon_Grill,salmon_grill_1,True,257006,88.0,85.18,True,29.26,28.59,27.24,12.38,28.54,26.46,39.96,52.27,82.81,85.18,False,445.13,3.46,29.84,
Salmon_Grill,salmon_grill_2,True,77905,51.0,49.21,True,30.28,27.95,24.86,11.03,27.34,21.44,29.8,50.86,62.02,49.21,False,685.58,5.02,30.49,
Salmon_Grill,salmon_grill_3,True,434346,226.0,211.66,True,37.19,35.51,33.66,17.59,35.34,31.66,85.76,91.06,119.75,211.66,False,467.89,5.85,38.04,
Salmon_Grill,salmon_grill_4,True,343839,163.0,162.19,True,33.81,32.35,28.99,12.9,31.66,25.06,80.32,95.58,97.2,162.19,False,2041.57,2.42,33.38,
Sandwich,sandwich_1,True,1533496,156.0,356.57,True,67.14,61.05,52.85,27.95,61.42,53.14,101.64,114.06,128.92,357.06,False,2443.72,4.78,75.05,
Sandwich,sandwich_2,True,1255510,115.0,218.44,True,51.78,47.1,42.17,22.99,47.25,40.34,80.68,85.38,118.17,218.48,False,1326.19,15.94,53.16,
Sandwich,sandwich_3,True,505309,50.0,174.44,True,39.87,37.4,35.83,20.02,37.4,35.59,60.36,67.72,135.32,174.44,False,2096.31,1.43,40.87,
Sandwich,sandwich_4,True,670024,53.0,174.78,True,42.43,38.03,36.51,19.25,38.06,35.8,61.6,72.69,136.89,174.78,False,3896.69,1.58,42.91,
Sandwich,sandwich_5,True,781310,176.0,301.89,True,51.35,46.6,37.75,16.36,48.38,40.39,102.4,114.08,114.63,301.89,False,2386.66,0.1,51.39,
Sandwich,sandwich_6,True,1543086,152.0,595.88,True,52.19,49.05,43.81,23.29,48.76,40.21,171.64,122.48,178.36,548.19,False,4069.85,1.81,51.72,
Sandwich,sandwich_7,True,1664420,137.0,548.2,True,46.92,44.73,41.63,18.62,44.54,40.51,163.2,130.92,161.73,543.15,False,4179.9,4.66,44.37,
Sandwich,sandwich_8,True,1889625,117.0,514.38,True,60.88,57.47,52.22,27.37,57.11,48.61,150.48,128.25,142.74,500.77,False,2688.86,7.6,56.59,
Sausages,new_sausage_1,True,268359,94.0,90.15,True,36.8,32.85,28.79,16.93,32.16,28.4,60.68,44.05,147.9,90.15,False,327.71,8.53,33.24,
Sausages,new_sausage_2,True,12342,65.0,68.43,True,24.45,24.14,23.15,12.39,23.98,22.34,32.24,23.79,134.76,53.22,False,105.93,5.46,25.0,
Sausages,new_sausage_3,True,286084,68.0,64.65,True,27.99,26.99,25.5,14.96,26.85,24.23,35.68,29.52,137.57,64.65,False,170.61,12.72,28.9,
Sausages,new_sausage_4,True,31229,14.0,14.41,True,16.46,15.8,14.51,7.22,15.59,13.62,14.6,50.44,32.17,14.41,False,562.6,3.46,16.58,
Sausages,new_sausage_5,True,57865,23.0,20.43,True,19.81,19.25,18.27,11.51,19.35,18.03,19.04,24.22,94.22,20.43,False,102.98,15.28,20.84,
Shrimp,shrimp_1,True,119704,9.0,13.46,True,17.82,16.63,15.12,7.42,16.62,13.04,18.16,32.64,81.95,13.46,False,135.27,18.09,17.92,
Shrimp,shrimp_3,True,100235,13.0,16.23,True,24.9,22.23,19.17,11.56,21.35,15.97,22.4,38.44,80.74,16.23,False,138.36,18.68,24.68,
Shrimp,shrimp_5,True,48978,3.0,2.36,True,28.29,15.19,13.22,7.99,14.77,11.66,4.96,196.54,210.29,2.36,False,16.13,29.75,136.72,
Shrimp,shrimp_6,True,43463,3.0,2.76,True,10.33,9.62,8.36,3.38,9.51,7.13,6.0,28.78,24.12,2.76,False,64.46,10.44,10.61,
Shrimp,shrimp_7,True,735021,165.0,415.77,True,71.07,67.83,54.34,18.72,68.94,57.91,128.48,125.13,125.42,415.76,False,2568.63,7.71,73.3,
Shrimp,shrimp_8,True,176146,8.0,10.93,True,14.53,13.7,11.58,5.33,13.47,9.44,14.56,43.19,59.61,9.47,False,295.88,0.97,14.7,
Soup,new_soup_1,True,780367,356.0,378.36,True,62.07,60.12,58.78,49.82,60.02,58.08,89.52,105.26,103.3,378.36,False,3475.72,2.22,65.26,
Soup,new_soup_2,True,1046673,298.0,379.05,True,54.64,52.93,46.51,12.64,53.65,48.91,128.16,125.92,125.9,379.05,False,11037.84,1.74,56.97,
Soup,new_soup_3,True,466228,370.0,406.71,True,59.22,57.19,53.86,47.26,56.91,50.12,131.0,126.91,127.28,406.72,False,3245.25,5.45,61.88,
Soup,soup1,True,666841,252.0,237.35,True,62.2,61.08,24.26,14.5,61.95,61.38,76.72,96.36,96.39,237.13,False,6073.96,0.59,62.95,
Steak,last_steak_1,True,511314,257.0,277.65,True,22.99,20.42,18.97,15.79,19.81,18.08,185.08,148.6,185.97,277.65,False,13291.08,1.54,24.43,beef
Steak,steak_1,True,129651,414.0,145.53,True,26.8,25.06,23.58,12.12,24.92,22.53,86.52,83.57,128.41,145.53,False,1937.28,2.68,27.56,beef
Steak,steak_3,True,337616,124.0,114.84,True,34.41,33.07,30.58,19.11,32.68,28.33,53.64,71.07,94.77,114.84,False,506.95,0.2,34.49,beef
Steak,steak_4,True,438255,124.0,116.23,True,31.76,30.29,27.9,17.31,30.07,25.26,60.0,81.55,105.46,116.23,False,974.53,2.57,31.71,beef
Stew_Beef,beef_stew_3,True,2227335,309.0,236.83,True,39.72,35.31,30.54,18.07,32.71,21.24,190.96,158.68,177.64,236.83,False,14055.73,1.62,41.21,
Stew_Beef,new_beef_stew_1,True,680456,375.0,398.5,True,63.12,59.4,49.88,19.5,60.7,54.37,128.92,125.84,125.64,398.5,False,1693.65,3.98,60.63,
Stew_Beef,new_beef_stew_2,True,176150,299.0,407.39,True,71.72,68.81,63.99,51.65,67.98,61.44,90.0,103.47,105.54,407.39,False,1122.97,3.29,72.8,
Stew_Beef,new_beef_stew_4,True,505906,495.0,628.26,True,70.53,64.61,57.87,45.81,60.18,46.95,203.96,159.07,158.32,628.26,False,3652.65,1.85,71.24,
Stew_Beef,stew_1,True,1019524,584.0,668.69,True,44.4,40.53,37.68,31.0,39.45,34.97,328.92,151.3,225.9,668.69,False,10132.0,1.36,46.17,
Strawberry,new_strawberry_1,True,249839,50.0,57.72,True,50.24,43.94,39.54,20.75,43.02,34.68,25.56,48.64,67.57,57.72,False,81.32,29.64,48.91,
Strawberry,strawberry_1,True,569660,12.0,13.58,True,29.94,28.78,26.19,13.9,29.02,24.67,10.36,36.13,38.85,13.58,False,107.34,24.38,34.52,
Strawberry,strawberry_2,True,275675,34.0,38.53,True,48.46,38.95,34.88,19.78,37.11,31.19,19.84,45.55,52.36,38.53,False,100.47,1.49,48.27,
Strawberry,strawberry_3,True,310235,41.0,49.65,True,48.52,46.32,42.51,20.06,46.6,41.42,22.48,51.56,56.7,49.65,False,114.79,15.55,47.37,
Sushi,sushi_1,True,349761,37.0,42.87,True,42.36,40.24,36.34,18.34,40.64,33.86,20.72,52.12,51.08,42.87,False,50.88,6.79,42.63,
Sushi,sushi_2,True,2247575,24.0,28.0,True,22.31,20.89,19.28,9.85,21.38,19.15,20.84,45.55,59.59,28.0,False,381.96,4.87,23.12,
Sushi,sushi_3,True,285012,26.0,30.66,True,36.89,31.43,28.61,17.63,31.43,27.05,19.84,42.51,58.9,30.66,False,47.41,16.03,34.43,
Sushi,sushi_5,True,356449,26.0,28.7,True,34.94,32.71,30.43,16.38,33.16,29.77,14.12,37.57,41.86,28.7,False,93.28,19.5,35.05,
Sushi,sushi_6,True,448653,30.0,33.08,True,37.62,36.51,34.4,23.42,36.32,30.38,16.6,43.51,47.76,33.08,False,52.82,21.33,36.74,
Sushi,sushi_7,True,406977,27.0,28.75,True,33.07,30.93,29.14,18.97,31.14,28.59,15.48,39.29,44.4,28.76,False,139.45,15.82,30.85,
Sushi,sushi_8,True,607105,29.0,32.33,True,27.53,25.65,23.41,6.56,26.49,23.66,18.6,40.37,51.49,32.33,False,342.05,2.7,27.24,
Sushi,sushi_9,True,473479,17.0,22.15,True,41.85,39.73,36.57,21.31,40.11,34.15,13.08,39.85,49.82,22.15,False,128.03,20.8,44.5,
Sweet Potato,new_sweet_potato_1,True,478900,201.0,195.05,True,51.38,49.78,45.41,20.43,49.33,41.46,61.84,58.44,133.61,195.05,False,382.83,16.1,61.71,
Sweet Potato,new_sweet_potato_2,True,597705,234.0,217.15,True,54.75,52.7,47.72,23.98,52.14,43.13,66.36,59.65,138.91,217.15,False,173.36,5.03,54.85,
Sweet Potato,new_sweet_potato_3,True,380438,278.0,259.31,True,60.9,59.06,54.12,28.73,58.48,50.71,68.44,69.19,133.65,259.31,False,349.64,9.19,62.26,
Sweet Potato,new_sweet_potato_4,True,168116,260.0,302.57,True,56.05,48.6,40.73,27.59,45.05,33.03,116.0,96.36,151.1,302.59,False,3029.68,3.0,57.89,
Sweet Potato,new_sweet_potato_5,True,706482,290.0,335.49,True,58.95,58.34,46.32,16.68,58.59,48.34,130.32,126.26,126.55,335.48,False,10914.31,1.02,60.12,
Taco,new_taco_1,True,667045,97.0,140.87,True,62.31,56.81,46.27,23.47,54.63,39.07,89.88,95.25,120.13,140.87,False,503.12,25.95,40.14,
Taco,new_taco_2,True,309244,117.0,136.91,True,43.93,39.9,36.45,22.25,38.82,28.49,74.16,72.45,127.57,136.91,False,980.29,2.69,45.07,
Taco,new_taco_4,True,1098857,194.0,222.05,True,43.09,34.7,30.39,21.92,32.53,24.69,183.12,147.55,156.95,222.05,False,1917.05,1.75,43.3,
Taco,taco_1,True,1854944,89.0,151.49,True,31.33,26.44,24.33,13.02,26.5,24.03,93.84,71.02,163.86,150.26,False,3479.02,3.68,32.09,
Tofu,new_tofu_1,True,25799,24.0,24.47,True,26.07,25.34,24.49,12.73,25.36,24.48,13.44,36.52,63.61,24.47,False,637.49,4.83,27.73,
Tofu,new_tofu_2,True,13406,15.0,15.84,True,28.44,26.32,25.63,13.15,26.17,25.61,8.72,32.98,30.79,15.84,False,288.17,6.61,31.22,
Tofu,new_tofu_3,True,33318,19.0,20.48,True,12.67,11.92,10.94,6.34,11.56,10.15,24.92,45.02,72.06,20.48,False,1258.19,4.0,16.55,
Tofu,new_tofu_4,True,117759,7.0,8.92,True,14.58,13.87,12.84,6.71,13.95,12.75,10.68,21.39,60.53,8.92,False,340.93,5.62,15.16,
Tofu,new_tofu_5,True,18281,13.0,14.67,True,10.29,9.8,9.3,5.47,9.75,9.13,22.4,43.34,89.59,14.67,False,1144.4,15.64,20.06,
Tomato,new_tomato_1,True,311161,95.0,87.96,True,46.83,45.67,42.0,22.58,45.56,37.82,29.28,58.36,62.32,87.96,False,634.11,20.79,53.97,tomato
Tomato,new_tomato_2,True,138726,103.0,92.29,True,41.61,40.86,38.44,19.45,40.41,34.65,32.44,53.37,70.39,92.29,False,523.58,5.89,43.37,tomato
Tomato,new_tomato_3,True,278400,81.0,74.23,True,41.97,40.66,36.96,20.5,40.7,33.58,27.76,51.87,61.15,74.23,False,449.47,28.97,46.12,tomato
Tomato,new_tomato_4,True,634497,80.0,69.35,True,61.46,59.72,55.97,29.8,60.07,51.03,19.88,48.02,47.72,77.48,False,213.41,2.81,61.44,tomato
Tomato,tomato_3,True,953271,145.0,247.16,True,65.26,59.91,53.57,33.32,59.2,48.12,75.68,95.68,95.78,247.16,False,1410.49,2.45,66.69,tomato
Tomato,tomato_4,True,607237,332.0,283.3,True,52.06,50.57,47.11,28.17,49.51,42.58,79.0,90.68,107.79,283.12,False,3244.65,3.18,52.38,tomato
Tomato_slice,new_tomato_slice_1,True,150657,33.0,36.05,True,31.79,30.75,27.01,9.84,30.29,21.99,20.92,50.55,47.08,36.05,False,615.32,28.14,42.02,tomato
Tomato_slice,new_tomato_slice_2,True,106201,20.0,18.5,True,13.92,13.16,12.16,8.73,13.05,11.75,21.0,50.38,49.71,18.5,False,518.53,7.88,19.36,tomato
Tomato_slice,new_tomato_slice_3,True,74380,14.0,13.86,True,13.58,13.01,11.62,7.62,12.99,10.59,18.72,45.07,48.6,13.86,False,413.29,2.54,14.59,tomato
Tomato_slice,new_tomato_slice_4,True,36054,6.0,5.66,True,8.8,7.95,6.57,1.93,7.9,6.54,14.04,40.99,39.56,5.66,False,253.6,5.4,9.69,tomato
Tomato_slice,slice_1,True,393908,70.0,66.72,True,25.36,23.5,20.68,7.67,23.43,19.87,51.76,71.6,82.18,66.72,False,872.33,0.91,25.89,tomato
Tortilla,new_tortilla_1,True,45156,37.0,17.25,True,8.52,7.13,3.57,2.11,3.54,2.3,238.4,175.15,176.34,17.25,False,10686.25,0.14,8.61,
Tortilla,new_tortilla_2,True,606410,39.0,-14.81,True,11.76,6.68,2.57,1.5,2.74,1.7,263.76,180.3,189.02,5.46,False,16144.31,0.17,11.84,
Tortilla,new_tortilla_3,True,229074,40.0,-5.4,True,5.34,4.07,3.24,2.02,3.42,2.18,236.8,172.79,165.34,15.52,False,10345.09,1.06,6.05,
Tortilla,new_tortilla_4,True,132008,40.0,101.74,True,15.81,13.65,12.63,5.3,13.69,12.67,131.92,71.0,191.16,101.74,False,1196.48,2.82,16.48,
Tortilla,tortilla_1,True,352509,44.0,88.74,True,8.45,7.24,6.26,3.8,6.79,4.32,330.16,207.44,200.77,88.74,False,29776.21,1.55,5.94,
Tortilla_Chips,new_chips_1,True,33403,3.0,2.11,True,12.42,11.2,10.36,6.12,10.48,7.25,27.6,68.77,65.84,2.11,False,1553.66,1.19,12.35,
Tortilla_Chips,new_chips_2,True,40837,3.0,3.37,True,38.12,35.66,30.56,19.05,32.3,23.39,21.28,66.54,62.5,3.37,False,118.24,13.19,33.43,
Tortilla_Chips,new_chips_3,True,261658,3.0,5.75,True,20.42,19.46,18.3,12.5,19.21,14.88,25.6,58.85,61.07,5.8,False,270.99,11.59,23.1,
Tortilla_Chips,new_chips_4,True,74660,3.0,3.46,True,36.95,33.69,26.93,6.19,24.85,4.74,20.6,48.47,64.11,3.46,False,67.97,14.09,45.31,
Tortilla_Chips,tortilla_corn_chip_1,True,76652,2.0,3.95,True,38.06,34.4,23.02,4.51,12.56,4.45,18.96,59.38,38.64,3.95,False,152.98,1.64,38.45,
Tortilla_Chips,tortilla_corn_chip_2,True,727197,22.0,27.41,True,34.82,26.75,20.12,11.77,21.18,12.81,133.44,149.79,129.55,70.67,False,5671.68,1.42,34.82,
Tortilla_Chips,tortilla_corn_chip_4,True,461716,2.0,4.51,True,25.28,21.04,15.45,5.15,16.91,5.74,22.92,62.09,51.55,4.51,False,173.9,9.31,25.52,
Tortilla_Chips,tortilla_corn_chip_5,True,192240,2.0,1.95,True,14.3,13.26,11.43,5.25,13.39,7.01,7.12,27.08,41.03,2.01,False,131.32,14.76,16.98,
Tuna_salad,new_tuna_salad_1,True,185826,54.0,101.15,True,40.29,39.57,33.42,17.87,39.69,36.96,78.48,97.53,97.41,101.15,False,6672.37,1.61,41.83,
Tuna_salad,new_tuna_salad_2,True,1177512,42.0,96.91,True,57.07,52.38,47.09,29.49,51.96,47.53,130.96,126.66,126.62,96.91,False,11520.33,2.44,58.63,
Tuna_salad,new_tuna_salad_3,True,191269,21.0,23.63,True,25.0,22.15,18.42,7.27,22.04,15.96,20.48,47.97,49.31,23.63,False,301.24,2.91,24.94,
Tuna_salad,new_tuna_salad_4,True,398652,431.0,430.68,True,70.04,66.03,64.09,33.26,66.02,63.35,107.64,119.37,135.99,463.67,False,4687.39,1.64,71.86,
Tuna_salad,tuna_salad_1,True,114603,81.0,80.94,True,20.63,17.49,15.87,9.84,16.99,13.16,83.96,97.76,118.23,80.94,False,5195.4,3.57,24.83,
Waffle,new_waffle_1,True,799607,172.0,425.23,True,40.95,33.31,30.15,15.05,31.92,15.32,589.68,271.82,271.44,425.23,False,23059.56,2.27,44.68,
Waffle,new_waffle_2,True,194205,37.0,50.87,True,21.58,20.37,17.88,13.63,19.03,14.9,101.8,106.14,114.99,112.16,False,6436.88,3.62,19.82,
Waffle,new_waffle_4,True,551015,29.0,55.21,True,16.54,13.71,12.03,6.88,13.6,11.25,84.12,101.29,104.04,55.21,False,3208.98,1.58,18.43,
Waffle,new_waffle_5,True,106715,31.0,59.22,True,14.39,13.47,12.34,7.19,13.53,11.75,88.44,104.33,104.2,59.22,False,2015.35,1.39,14.72,
Waffle,waffle_1,True,1465331,38.0,104.78,True,37.31,34.11,29.47,19.93,34.36,28.22,62.64,88.88,118.27,104.78,False,973.49,2.38,37.4,
Waffle,waffle_2,True,1137922,46.0,108.35,True,33.0,30.07,27.17,14.2,30.31,25.31,72.92,87.88,134.52,108.35,False,1093.84,1.4,32.69,
Waffle,waffle_4,True,249306,69.0,94.91,True,31.22,29.28,27.16,15.39,29.3,24.41,70.36,81.57,112.3,94.91,False,798.07,6.34,31.22,
Waffle,waffle_5,True,1968716,72.0,112.58,True,25.74,23.03,20.36,11.37,22.61,18.91,84.88,104.75,112.71,107.15,False,1415.83,3.13,25.57,
Waffle,waffle_6,True,661642,191.0,472.1,True,55.6,52.52,48.83,28.46,52.33,47.82,138.72,122.06,122.66,472.1,False,2547.64,1.27,56.32,
Waffle,waffle_7,True,1170574,243.0,579.02,True,69.54,64.0,59.04,42.54,61.65,53.64,143.04,132.06,129.46,579.02,False,4163.73,5.25,72.18,
Whole_Chicken,chicken_1,True,1191475,1307.0,1548.6,True,103.54,99.63,90.09,42.52,99.79,86.94,263.36,173.42,218.65,1548.58,False,2986.65,7.1,114.88,
Whole_Chicken,chicken_2,True,555925,1483.0,1620.32,True,110.92,105.64,97.36,53.36,104.91,91.1,267.96,173.77,209.46,1620.32,False,2207.18,11.5,105.33,
Whole_Chicken,chicken_3,True,1451598,1480.0,1642.18,True,116.21,105.59,92.44,42.44,104.2,80.86,276.52,166.55,225.3,1642.19,False,4706.52,9.05,114.24,
Whole_Chicken,chicken_5,True,891139,833.0,980.19,True,117.2,109.51,98.7,55.05,108.96,91.84,170.4,164.05,136.37,980.19,False,1626.41,19.98,103.15,
Yeast_bread,yeast_bread_1,False,351102,33.0,116.13,True,16.74,15.97,14.65,7.63,15.68,13.28,112.52,104.13,118.46,116.13,False,4775.91,1.67,18.54,bread_white|bread_wholemeal
Yeast_bread,yeast_bread_2,False,360863,26.0,84.16,True,18.26,16.06,13.61,7.19,15.27,12.19,97.52,98.83,111.31,84.16,False,4219.62,2.76,17.75,bread_white|bread_wholemeal
Yeast_bread,yeast_bread_3,False,369762,30.0,123.38,True,19.71,18.01,15.68,8.71,17.32,13.54,104.64,101.63,114.67,123.38,False,6063.59,0.33,19.68,bread_white|bread_wholemeal
Yeast_bread,yeast_bread_4,False,1821374,466.0,1414.37,True,73.96,72.45,67.56,27.58,71.69,61.62,267.84,113.25,273.74,1414.3,False,3472.56,2.0,74.36,bread_white|bread_wholemeal
Yeast_bread,yeast_bread_5,False,2315992,454.0,1480.65,True,75.13,72.22,66.11,31.06,71.5,59.55,287.84,119.41,290.71,1480.65,False,4483.18,0.49,76.03,bread_white|bread_wholemeal
Yeast_bread,yeast_bread_6,False,2056175,659.0,2095.2,True,104.21,101.16,92.38,44.12,99.75,83.33,295.08,200.63,193.96,2095.2,False,2238.22,1.8,104.85,bread_white|bread_wholemeal
Yeast_bread,yeast_bread_7,False,630556,43.0,127.02,True,31.34,27.83,26.36,14.35,27.75,25.12,65.64,72.0,106.18,127.02,False,886.45,3.07,30.43,bread_white|bread_wholemeal
Yeast_bread,yeast_bread_8,False,685462,32.0,98.95,True,31.56,29.8,27.04,12.41,29.52,25.16,54.72,65.33,94.43,98.92,False,1281.08,11.01,30.19,bread_white|bread_wholemeal
Yeast_bread,yeast_bread_9,False,694691,27.0,72.82,True,31.9,30.76,27.54,7.7,30.2,22.58,43.0,56.34,86.64,72.82,False,868.58,1.09,32.21,bread_white|bread_wholemeal
Yogurt,new_yogurt_1,True,816840,157.0,182.31,True,69.96,67.41,62.27,27.65,69.64,64.91,48.6,63.78,82.39,185.3,False,1847.79,0.74,70.2,
Yogurt,new_yogurt_2,True,401804,158.0,146.25,True,68.21,65.57,58.65,17.55,66.57,62.82,49.08,64.97,83.58,145.73,False,2715.44,3.96,71.26,
Yogurt,new_yogurt_3,True,1143477,155.0,146.46,True,69.84,65.96,56.77,16.88,69.46,64.96,48.6,63.57,81.72,150.62,False,1501.18,1.68,70.91,
Yogurt,new_yogurt_4,True,704470,157.0,143.59,True,71.8,70.11,66.27,53.83,70.35,65.39,49.4,65.2,82.6,150.51,False,1309.86,6.55,69.49,
Yogurt,yogurt_1,True,361396,172.0,165.28,True,65.38,64.16,57.44,16.35,64.51,63.35,54.0,64.85,83.02,165.28,False,4099.0,1.12,66.37,
Yogurt,yogurt_2,True,600229,108.0,152.02,True,69.65,66.03,56.7,14.56,68.87,62.81,49.52,64.44,82.37,152.02,False,1346.35,1.95,70.72,
